Simulation.Economies.BaseEconomy(GBP).Equities.EquityAndDividendYield(UK Equity).DividendYield.ShortRateModel.Process.dZ,Simulation.Economies.BaseEconomy(GBP).Equities.EquityAndDividendYield(UK Equity).Equity.dZ,Simulation.Economies.BaseEconomy(GBP).Equities.EquityAndDividendYield(UK Equity).Equity.VolatilityModel.VolatilityProcess.dZ,Simulation.Economies.BaseEconomy(GBP).Equities.EquityAndDividendYield(UK FactorEquity Income).DividendYield.ShortRateModel.Process.dZ,Simulation.Economies.BaseEconomy(GBP).Equities.EquityAndDividendYield(UK FactorEquity Income).Equity.dZ,Simulation.Economies.BaseEconomy(GBP).Equities.EquityAndDividendYield(UK FactorEquity Income).Equity.VolatilityModel.VolatilityProcess.dZ,Simulation.Economies.BaseEconomy(GBP).Equities.EquityAndDividendYield(UK FactorEquity LowVolatility).DividendYield.ShortRateModel.Process.dZ,Simulation.Economies.BaseEconomy(GBP).Equities.EquityAndDividendYield(UK FactorEquity LowVolatility).Equity.dZ,Simulation.Economies.BaseEconomy(GBP).Equities.EquityAndDividendYield(UK FactorEquity LowVolatility).Equity.VolatilityModel.VolatilityProcess.dZ,Simulation.Economies.BaseEconomy(GBP).Equities.EquityAndDividendYield(UK FactorEquity Momentum).DividendYield.ShortRateModel.Process.dZ,Simulation.Economies.BaseEconomy(GBP).Equities.EquityAndDividendYield(UK FactorEquity Momentum).Equity.dZ,Simulation.Economies.BaseEconomy(GBP).Equities.EquityAndDividendYield(UK FactorEquity Momentum).Equity.VolatilityModel.VolatilityProcess.dZ,Simulation.Economies.BaseEconomy(GBP).Equities.EquityAndDividendYield(UK FactorEquity Quality).DividendYield.ShortRateModel.Process.dZ,Simulation.Economies.BaseEconomy(GBP).Equities.EquityAndDividendYield(UK FactorEquity Quality).Equity.dZ,Simulation.Economies.BaseEconomy(GBP).Equities.EquityAndDividendYield(UK FactorEquity Quality).Equity.VolatilityModel.VolatilityProcess.dZ,Simulation.Economies.BaseEconomy(GBP).Equities.EquityAndDividendYield(UK FactorEquity Size).DividendYield.ShortRateModel.Process.dZ,Simulation.Economies.BaseEconomy(GBP).Equities.EquityAndDividendYield(UK FactorEquity Size).Equity.dZ,Simulation.Economies.BaseEconomy(GBP).Equities.EquityAndDividendYield(UK FactorEquity Size).Equity.VolatilityModel.VolatilityProcess.dZ,Simulation.Economies.BaseEconomy(GBP).Equities.EquityAndDividendYield(UK FactorEquity Size Mid).DividendYield.ShortRateModel.Process.dZ,Simulation.Economies.BaseEconomy(GBP).Equities.EquityAndDividendYield(UK FactorEquity Size Mid).Equity.dZ,Simulation.Economies.BaseEconomy(GBP).Equities.EquityAndDividendYield(UK FactorEquity Size Mid).Equity.VolatilityModel.VolatilityProcess.dZ,Simulation.Economies.BaseEconomy(GBP).Equities.EquityAndDividendYield(UK FactorEquity Value).DividendYield.ShortRateModel.Process.dZ,Simulation.Economies.BaseEconomy(GBP).Equities.EquityAndDividendYield(UK FactorEquity Value).Equity.dZ,Simulation.Economies.BaseEconomy(GBP).Equities.EquityAndDividendYield(UK FactorEquity Value).Equity.VolatilityModel.VolatilityProcess.dZ,Simulation.Economies.BaseEconomy(GBP).Equities.EquityAndDividendYield(UK REITs).DividendYield.ShortRateModel.Process.dZ,Simulation.Economies.BaseEconomy(GBP).Equities.EquityAndDividendYield(UK REITs).Equity.dZ,Simulation.Economies.BaseEconomy(GBP).Equities.EquityAndDividendYield(UK REITs).Equity.VolatilityModel.VolatilityProcess.dZ,Simulation.Economies.BaseEconomy(GBP).Equities.EquityAndDividendYield(UK Commercial Property).DividendYield.ShortRateModel.Process.dZ,Simulation.Economies.BaseEconomy(GBP).Equities.EquityAndDividendYield(UK Commercial Property).Equity.dZ,Simulation.Economies.BaseEconomy(GBP).Equities.EquityAndDividendYield(UK Private Rented Sector Property).DividendYield.ShortRateModel.Process.dZ,Simulation.Economies.BaseEconomy(GBP).Equities.EquityAndDividendYield(UK Private Rented Sector Property).Equity.dZ,Simulation.Economies.BaseEconomy(GBP).Equities.EquityAndDividendYield(UK Social Housing Sector Property).DividendYield.ShortRateModel.Process.dZ,Simulation.Economies.BaseEconomy(GBP).Equities.EquityAndDividendYield(UK Social Housing Sector Property).Equity.dZ,Simulation.Economies.BaseEconomy(GBP).Equities.EquityAndDividendYield(UK Long Lease Sector Property).DividendYield.ShortRateModel.Process.dZ,Simulation.Economies.BaseEconomy(GBP).Equities.EquityAndDividendYield(UK Long Lease Sector Property).Equity.dZ,Simulation.Economies.BaseEconomy(GBP).Equities.EquityAndDividendYield(Private Equity Gross).Equity.dZ,Simulation.Economies.BaseEconomy(GBP).Equities.EquityAndDividendYield(Private Equity Gross).Equity.VolatilityModel.VolatilityProcess.dZ,Simulation.Economies.Economy(APAC).Equities.EquityAndDividendYield(APAC Developed Equity).DividendYield.ShortRateModel.Process.dZ,Simulation.Economies.Economy(APAC).Equities.EquityAndDividendYield(APAC Developed Equity).Equity.dZ,Simulation.Economies.Economy(APAC).Equities.EquityAndDividendYield(APAC Developed Equity).Equity.VolatilityModel.VolatilityProcess.dZ,Simulation.Economies.Economy(APAC).Equities.EquityAndDividendYield(APAC Equity).DividendYield.ShortRateModel.Process.dZ,Simulation.Economies.Economy(APAC).Equities.EquityAndDividendYield(APAC Equity).Equity.dZ,Simulation.Economies.Economy(APAC).Equities.EquityAndDividendYield(APAC Equity).Equity.VolatilityModel.VolatilityProcess.dZ,Simulation.Economies.Economy(EM).Equities.EquityAndDividendYield(EM Equity).DividendYield.ShortRateModel.Process.dZ,Simulation.Economies.Economy(EM).Equities.EquityAndDividendYield(EM Equity).Equity.dZ,Simulation.Economies.Economy(EM).Equities.EquityAndDividendYield(EM Equity).Equity.VolatilityModel.VolatilityProcess.dZ,Simulation.Economies.Economy(EUR).Equities.EquityAndDividendYield(EU Equity).DividendYield.ShortRateModel.Process.dZ,Simulation.Economies.Economy(EUR).Equities.EquityAndDividendYield(EU Equity).Equity.dZ,Simulation.Economies.Economy(EUR).Equities.EquityAndDividendYield(EU Equity).Equity.VolatilityModel.VolatilityProcess.dZ,Simulation.Economies.Economy(JPY).Equities.EquityAndDividendYield(JP Equity).DividendYield.ShortRateModel.Process.dZ,Simulation.Economies.Economy(JPY).Equities.EquityAndDividendYield(JP Equity).Equity.dZ,Simulation.Economies.Economy(JPY).Equities.EquityAndDividendYield(JP Equity).Equity.VolatilityModel.VolatilityProcess.dZ,Simulation.Economies.Economy(USD).Equities.EquityAndDividendYield(US Equity).DividendYield.ShortRateModel.Process.dZ,Simulation.Economies.Economy(USD).Equities.EquityAndDividendYield(US Equity).Equity.dZ,Simulation.Economies.Economy(USD).Equities.EquityAndDividendYield(US Equity).Equity.VolatilityModel.VolatilityProcess.dZ,Simulation.Economies.Economy(USD).Equities.EquityAndDividendYield(US FactorEquity Income).DividendYield.ShortRateModel.Process.dZ,Simulation.Economies.Economy(USD).Equities.EquityAndDividendYield(US FactorEquity Income).Equity.dZ,Simulation.Economies.Economy(USD).Equities.EquityAndDividendYield(US FactorEquity Income).Equity.VolatilityModel.VolatilityProcess.dZ,Simulation.Economies.Economy(USD).Equities.EquityAndDividendYield(US FactorEquity LowVolatility).DividendYield.ShortRateModel.Process.dZ,Simulation.Economies.Economy(USD).Equities.EquityAndDividendYield(US FactorEquity LowVolatility).Equity.dZ,Simulation.Economies.Economy(USD).Equities.EquityAndDividendYield(US FactorEquity LowVolatility).Equity.VolatilityModel.VolatilityProcess.dZ,Simulation.Economies.Economy(USD).Equities.EquityAndDividendYield(US FactorEquity Momentum).DividendYield.ShortRateModel.Process.dZ,Simulation.Economies.Economy(USD).Equities.EquityAndDividendYield(US FactorEquity Momentum).Equity.dZ,Simulation.Economies.Economy(USD).Equities.EquityAndDividendYield(US FactorEquity Momentum).Equity.VolatilityModel.VolatilityProcess.dZ,Simulation.Economies.Economy(USD).Equities.EquityAndDividendYield(US FactorEquity Quality).DividendYield.ShortRateModel.Process.dZ,Simulation.Economies.Economy(USD).Equities.EquityAndDividendYield(US FactorEquity Quality).Equity.dZ,Simulation.Economies.Economy(USD).Equities.EquityAndDividendYield(US FactorEquity Quality).Equity.VolatilityModel.VolatilityProcess.dZ,Simulation.Economies.Economy(USD).Equities.EquityAndDividendYield(US FactorEquity Size).DividendYield.ShortRateModel.Process.dZ,Simulation.Economies.Economy(USD).Equities.EquityAndDividendYield(US FactorEquity Size).Equity.dZ,Simulation.Economies.Economy(USD).Equities.EquityAndDividendYield(US FactorEquity Size).Equity.VolatilityModel.VolatilityProcess.dZ,Simulation.Economies.Economy(USD).Equities.EquityAndDividendYield(US FactorEquity Value).DividendYield.ShortRateModel.Process.dZ,Simulation.Economies.Economy(USD).Equities.EquityAndDividendYield(US FactorEquity Value).Equity.dZ,Simulation.Economies.Economy(USD).Equities.EquityAndDividendYield(US FactorEquity Value).Equity.VolatilityModel.VolatilityProcess.dZ,Simulation.Economies.Economy(USD).Equities.EquityAndDividendYield(Global Developed Listed Infrastructure Equity).Equity.dZ,Simulation.Economies.Economy(USD).Equities.EquityAndDividendYield(Global Developed Listed Infrastructure Equity).Equity.VolatilityModel.VolatilityProcess.dZ,Simulation.Economies.Economy(USD).Equities.EquityAndDividendYield(Global REITs).DividendYield.ShortRateModel.Process.dZ,Simulation.Economies.Economy(USD).Equities.EquityAndDividendYield(Global REITs).Equity.dZ,Simulation.Economies.Economy(USD).Equities.EquityAndDividendYield(Global REITs).Equity.VolatilityModel.VolatilityProcess.dZ,Simulation.Economies.Economy(USD).Equities.EquityAndDividendYield(Global Developed Unlisted Infrastructure Equity).Equity.dZ,Simulation.Economies.Economy(USD).Equities.EquityAndDividendYield(Global Developed Unlisted Infrastructure Equity).Equity.VolatilityModel.VolatilityProcess.dZ
1.0000000000,-0.8895663930,0.7222229577,0.9989071427,-0.8867613284,0.7251209152,0.9976145075,-0.8855533508,0.7227411443,0.9997572319,-0.8861836348,0.7242231374,0.9998335524,-0.8852518099,0.7239616130,0.9998762808,-0.8852781419,0.7238123687,0.9998912433,-0.8853986478,0.7236622182,0.9998967340,-0.8854786253,0.7235724191,0.5456714233,-0.6862353965,0.4051723126,0.1637547910,-0.1841814219,0.0247698373,-0.0861924074,0.0049031635,-0.0366410262,0.0247698048,-0.0861923940,-0.8535608465,0.5375431319,0.7960354928,-0.6987814836,0.6912281512,0.7960598105,-0.6984051067,0.6912648066,0.6996319773,-0.6987655106,0.5519191368,0.7947877315,-0.7997110724,0.7182946348,0.6027467155,-0.5969956771,0.5591526683,0.7989473916,-0.8017864105,0.7615092594,0.7995428840,-0.7999117136,0.7627291818,0.7990726932,-0.7997418486,0.7623225468,0.7994796549,-0.7997777712,0.7626113669,0.7996177073,-0.7995597539,0.7624390547,0.7997090191,-0.8002867970,0.7624806820,0.7993801950,-0.7999425396,0.7627191254,-0.8569079274,0.7666624567,0.7793318431,-0.7262619721,0.6015647635,-0.3524406171,0.2380844734
-0.8895663930,1.0000000000,-0.7996735918,-0.8863093516,0.9924482390,-0.8027761129,-0.8882905092,0.9987801462,-0.8008304389,-0.8875994987,0.9967832524,-0.8033601438,-0.8876603995,0.9994782235,-0.8028742976,-0.8875878353,0.9996806316,-0.8025808242,-0.8875211696,0.9996706598,-0.8023750164,-0.8874932028,0.9996451929,-0.8022974769,-0.7781093276,0.8963375286,-0.5663452075,-0.4139824905,0.4001331155,-0.1016954807,0.2453481616,-0.0292325823,0.1187113360,-0.1016954618,0.2453481589,0.8703502605,-0.6790908668,-0.7970334857,0.7036569297,-0.6921734755,-0.7969221054,0.6989413316,-0.6920493665,-0.7022169287,0.6986239056,-0.5515383406,-0.7983172426,0.8973383370,-0.8066053620,-0.6044114379,0.6027544948,-0.5588772653,-0.8015752306,0.8024981249,-0.7633477363,-0.8009331454,0.8014944462,-0.7618596036,-0.8013831566,0.8015498050,-0.7623702791,-0.8012064927,0.8015137199,-0.7619314598,-0.8011299197,0.8019533748,-0.7622887954,-0.8015068461,0.8008030675,-0.7620732261,-0.8003571719,0.8017121378,-0.7616418973,0.7666937415,-0.8232352656,-0.9135988562,0.8433033498,-0.6850658563,0.6150964004,-0.4516640401
0.7222229577,-0.7996735918,1.0000000000,0.7202429906,-0.7955659359,0.9878522597,0.7212543198,-0.7965330425,0.9925196073,0.7199965755,-0.7966353200,0.9994602298,0.7197554765,-0.7958356648,0.9994222898,0.7195969099,-0.7954490169,0.9994671097,0.7195463041,-0.7954358013,0.9994123055,0.7195232011,-0.7954751093,0.9993590135,0.6152893715,-0.7159440385,0.4484904796,0.3277087664,-0.3165812384,0.0793154529,-0.1940039518,0.0225022081,-0.0933762885,0.0793154077,-0.1940039252,-0.6914935130,0.5638376520,0.6373432996,-0.5584081117,0.5536899527,0.6371678845,-0.5594161686,0.5536955330,0.5558182477,-0.5581882645,0.4410379937,0.6339274826,-0.7149766965,0.6447220752,0.4755437521,-0.4747019862,0.4454709064,0.6344221240,-0.6385773705,0.6072090133,0.6349384318,-0.6372271447,0.6085951048,0.6351050998,-0.6372207058,0.6083307041,0.6326874504,-0.6371875306,0.6084120590,0.6354902297,-0.6375305703,0.6082680106,0.6352023089,-0.6372186281,0.6083101170,0.6351151393,-0.6374522327,0.6085697536,-0.6093147148,0.6656588843,0.7385285846,-0.6699729421,0.5545266539,-0.4906606689,0.3561819761
0.9989071427,-0.8863093516,0.7202429906,1.0000000000,-0.8799483745,0.7201252025,0.9970667643,-0.8829657271,0.7204179691,0.9991217915,-0.8834149179,0.7222982202,0.9992451713,-0.8822907548,0.7220277494,0.9992814962,-0.8823719817,0.7218673928,0.9992857084,-0.8825588692,0.7217074735,0.9992864160,-0.8826917422,0.7215993123,0.5417658905,-0.6820458852,0.4023978328,0.1586871242,-0.1791333729,0.0236856624,-0.0832577800,0.0045981246,-0.0352622024,0.0236856319,-0.0832577680,-0.8518243778,0.5314139033,0.7938227867,-0.6969351155,0.6881436588,0.7939492513,-0.6953509059,0.6881303693,0.7013416128,-0.6934870840,0.5481412296,0.7992574582,-0.8052474182,0.7207417543,0.5997651346,-0.5953147718,0.5557970638,0.7951764357,-0.7987851436,0.7577045330,0.7961104712,-0.7962736169,0.7589737648,0.7962351807,-0.7958566470,0.7583794043,0.7953714655,-0.7964915610,0.7590662949,0.7955051730,-0.7958881325,0.7587419943,0.7966115195,-0.7964941746,0.7591566789,0.7945342973,-0.7964345525,0.7592169849,-0.8569828126,0.7621316343,0.7743583104,-0.7235723431,0.5969739922,-0.3484508072,0.2349231243
-0.8867613284,0.9924482390,-0.7955659359,-0.8799483745,1.0000000000,-0.8060982116,-0.8815602395,0.9885674850,-0.7945765013,-0.8836929948,0.9853690443,-0.7988118515,-0.8837223867,0.9894611924,-0.7987278797,-0.8836809363,0.9898950875,-0.7988777974,-0.8836433108,0.9897161415,-0.7988645735,-0.8836271293,0.9895191167,-0.7989338695,-0.7698100944,0.8901934670,-0.5605058049,-0.4116943249,0.4003482375,-0.1002615207,0.2435682833,-0.0287025826,0.1175676066,-0.1002615022,0.2435682815,0.8645008831,-0.6816736131,-0.7938587020,0.6992909440,-0.6892040728,-0.7930795431,0.6957942068,-0.6891000345,-0.6995858972,0.6949193506,-0.5491350387,-0.7954214813,0.8936043381,-0.8037498597,-0.6009408191,0.5989041542,-0.5565621382,-0.7963137399,0.7968679633,-0.7599491154,-0.7952383953,0.7966671472,-0.7583030098,-0.7952337476,0.7974510218,-0.7588567042,-0.7924085246,0.7964406676,-0.7582877459,-0.7964881164,0.7971237554,-0.7583030374,-0.7968696730,0.7959253832,-0.7583401118,-0.7967026648,0.7963661750,-0.7580267343,0.7609205734,-0.8209953491,-0.9110704827,0.8381728399,-0.6864067970,0.6118476430,-0.4466605284
0.7251209152,-0.8027761129,0.9878522597,0.7201252025,-0.8060982116,1.0000000000,0.7187854608,-0.7971257500,0.9930075731,0.7215166271,-0.7963264949,0.9907344993,0.7214614729,-0.7972541470,0.9912278944,0.7214080631,-0.7970465279,0.9913462474,0.7214036321,-0.7969028774,0.9916203470,0.7213975644,-0.7968145688,0.9918399215,0.6179439875,-0.7206547101,0.4504486701,0.3346834374,-0.3273131756,0.0801719313,-0.1976928046,0.0226671583,-0.0949084210,0.0801718794,-0.1976927739,-0.6974444493,0.5752902203,0.6413198722,-0.5621960089,0.5556878696,0.6419922134,-0.5616952648,0.5558479215,0.5608952212,-0.5617428301,0.4437573092,0.6407957404,-0.7261453011,0.6530909550,0.4806388939,-0.4811013581,0.4490909777,0.6388826688,-0.6448866384,0.6109697576,0.6400354567,-0.6422331457,0.6127920458,0.6403179810,-0.6414120825,0.6122073134,0.6430635372,-0.6426685513,0.6128220496,0.6389418010,-0.6419637638,0.6127881161,0.6371544523,-0.6430514986,0.6128517387,0.6388268077,-0.6425896216,0.6132390704,-0.6137897748,0.6747116079,0.7472147360,-0.6767813197,0.5647420620,-0.4958275482,0.3586848809
0.9976145075,-0.8882905092,0.7212543198,0.9970667643,-0.8815602395,0.7187854608,1.0000000000,-0.8860448520,0.7197205809,0.9979973092,-0.8868103842,0.7226488701,0.9980635086,-0.8851207440,0.7221738058,0.9980801495,-0.8850264100,0.7218710061,0.9980770816,-0.8852113266,0.7215906149,0.9980758534,-0.8853589790,0.7214014712,0.5453458984,-0.6840651457,0.4048667956,0.1612450163,-0.1795516650,0.0246779308,-0.0849636232,0.0049382430,-0.0362103375,0.0246779012,-0.0849636117,-0.8488818043,0.5316056269,0.7929281731,-0.6925233087,0.6874571816,0.7918450352,-0.6943323110,0.6871668480,0.6974069465,-0.6949007931,0.5489950631,0.7938621167,-0.7972408124,0.7234792007,0.6013173815,-0.5927945198,0.5565160202,0.7935043296,-0.7962728975,0.7573004451,0.7935804548,-0.7955459950,0.7585662493,0.7936354185,-0.7957763723,0.7583566451,0.7946324476,-0.7955253964,0.7584183644,0.7938193175,-0.7972389954,0.7581505763,0.7915505831,-0.7953413987,0.7581824830,0.7961894208,-0.7946660921,0.7584663955,-0.8538986259,0.7621891129,0.7748602736,-0.7210918608,0.5960501995,-0.3494484429,0.2375609861
-0.8855533508,0.9987801462,-0.7965330425,-0.8829657271,0.9885674850,-0.7971257500,-0.8860448520,1.0000000000,-0.7975567457,-0.8840053899,0.9963090418,-0.8001129358,-0.8840695530,0.9991447191,-0.7994588070,-0.8839825984,0.9993014913,-0.7990224194,-0.8839024370,0.9993358764,-0.7987382960,-0.8838691384,0.9993567654,-0.7986055618,-0.7790626367,0.8955135745,-0.5669045334,-0.4141188587,0.3982927724,-0.1022293811,0.2456951215,-0.0294524787,0.1190405788,-0.1022293620,0.2456951184,0.8653565456,-0.6752965990,-0.7930251201,0.6983565516,-0.6882844297,-0.7930159711,0.6950632254,-0.6883611068,-0.6974527700,0.6951663735,-0.5496907935,-0.7941263107,0.8932256447,-0.8016618227,-0.5971088048,0.5973110889,-0.5558716960,-0.7931738575,0.7977004603,-0.7605610772,-0.7925293260,0.7976855894,-0.7588756136,-0.7935350983,0.7979146030,-0.7592506766,-0.7924212085,0.7981142494,-0.7591805511,-0.7898111629,0.7980422953,-0.7593175643,-0.7928950904,0.7977880245,-0.7593554893,-0.7938320647,0.7971957679,-0.7591908622,0.7620405359,-0.8197197236,-0.9104327451,0.8389147319,-0.6810741588,0.6144236549,-0.4526981993
0.7227411443,-0.8008304389,0.9925196073,0.7204179691,-0.7945765013,0.9930075731,0.7197205809,-0.7975567457,1.0000000000,0.7199009332,-0.7983674538,0.9949736274,0.7198291699,-0.7967904923,0.9952845309,0.7197546309,-0.7963950082,0.9951582615,0.7197358358,-0.7963764731,0.9952314240,0.7197241747,-0.7964104308,0.9952910151,0.6167031371,-0.7175378856,0.4494920785,0.3319835075,-0.3242406167,0.0798638151,-0.1962365875,0.0226280078,-0.0943200207,0.0798637611,-0.1962365548,-0.6979611766,0.5689964628,0.6411645722,-0.5629228988,0.5558429355,0.6414753679,-0.5618938454,0.5560913809,0.5640021458,-0.5608961877,0.4433101683,0.6424094112,-0.7282177967,0.6532824568,0.4833406348,-0.4822899021,0.4500166526,0.6428421903,-0.6438031814,0.6108380339,0.6437373837,-0.6406191976,0.6131992890,0.6406754876,-0.6406546597,0.6120460020,0.6479142465,-0.6401122552,0.6127061451,0.6424730107,-0.6399436986,0.6128079558,0.6447725089,-0.6416281038,0.6126641175,0.6447150561,-0.6387240025,0.6126874487,-0.6161067254,0.6717176352,0.7429761772,-0.6756647691,0.5600729355,-0.4919088340,0.3574438738
0.9997572319,-0.8875994987,0.7199965755,0.9991217915,-0.8836929948,0.7215166271,0.9979973092,-0.8840053899,0.7199009332,1.0000000000,-0.8843302721,0.7218500195,0.9998343887,-0.8835390796,0.7215495170,0.9998721454,-0.8835704771,0.7213664767,0.9998801496,-0.8837122486,0.7211894932,0.9998823874,-0.8838120505,0.7210782265,0.5430020645,-0.6830397535,0.4032832108,0.1602132806,-0.1801167716,0.0239653036,-0.0841023528,0.0046736055,-0.0356462888,0.0239652725,-0.0841023403,-0.8513330046,0.5337682620,0.7944768536,-0.6968902950,0.6896279724,0.7946418944,-0.6967577421,0.6895616993,0.6980130594,-0.6965194088,0.5500994006,0.7941087935,-0.7983519082,0.7198123931,0.5986630070,-0.5945458991,0.5569848940,0.7930541212,-0.7989088124,0.7584117152,0.7936529693,-0.7973633015,0.7597416008,0.7930029404,-0.7971115027,0.7595142368,0.7936003989,-0.7972170374,0.7595508712,0.7931776530,-0.7967338203,0.7595837226,0.7939720543,-0.7973456430,0.7592105374,0.7935698724,-0.7981822759,0.7596023345,-0.8563086027,0.7639911607,0.7759862399,-0.7229570702,0.5984031931,-0.3486326746,0.2356522940
-0.8861836348,0.9967832524,-0.7966353200,-0.8834149179,0.9853690443,-0.7963264949,-0.8868103842,0.9963090418,-0.7983674538,-0.8843302721,1.0000000000,-0.8000861903,-0.8846590390,0.9972367678,-0.7994693832,-0.8845703384,0.9973438146,-0.7990034012,-0.8844897615,0.9973649231,-0.7986985819,-0.8844552567,0.9973815464,-0.7985507768,-0.7758181379,0.8917589882,-0.5646300391,-0.4113706226,0.3959361556,-0.1012889106,0.2438756958,-0.0291532619,0.1180800472,-0.1012888878,0.2438756896,0.8649108593,-0.6739557146,-0.7930421117,0.6981019445,-0.6883273319,-0.7932340825,0.6951486259,-0.6887271197,-0.6981049105,0.6953177973,-0.5494925198,-0.7938999780,0.8918892980,-0.7985251117,-0.5990347403,0.5972467651,-0.5554751773,-0.7932024249,0.7963495196,-0.7601735233,-0.7923664406,0.7968573854,-0.7585966987,-0.7909311217,0.7976534796,-0.7584969045,-0.7928457679,0.7971884362,-0.7585300364,-0.7958653092,0.7947199104,-0.7584646251,-0.7903209949,0.7975105230,-0.7593773212,-0.7924658623,0.7962149065,-0.7587352689,0.7638580682,-0.8198173684,-0.9085135465,0.8364266574,-0.6800142680,0.6093259815,-0.4496650016
0.7242231374,-0.8033601438,0.9994602298,0.7222982202,-0.7988118515,0.9907344993,0.7226488701,-0.8001129358,0.9949736274,0.7218500195,-0.8000861903,1.0000000000,0.7216354102,-0.7994223363,0.9998120215,0.7214986623,-0.7990436082,0.9998327817,0.7214569972,-0.7990328784,0.9998169677,0.7214374815,-0.7990711699,0.9997962221,0.6191054808,-0.7202041549,0.4512180361,0.3314078018,-0.3212586231,0.0801716805,-0.1961760594,0.0227512255,-0.0944172821,0.0801716332,-0.1961760315,-0.6962836125,0.5678103384,0.6406450360,-0.5609236169,0.5553788551,0.6403832698,-0.5611614305,0.5553787895,0.5619197810,-0.5606658924,0.4430393899,0.6404524018,-0.7237912502,0.6517587408,0.4833922656,-0.4803589270,0.4498751784,0.6414562854,-0.6419965869,0.6098796588,0.6422221831,-0.6399809366,0.6113734153,0.6424280704,-0.6397672659,0.6111155798,0.6412369667,-0.6396518944,0.6111646007,0.6419732499,-0.6394680549,0.6112326797,0.6418858754,-0.6402261239,0.6114368605,0.6427069474,-0.6407749896,0.6112706123,-0.6132581656,0.6698012439,0.7430876970,-0.6751441482,0.5585407286,-0.4945569403,0.3590315736
0.9998335524,-0.8876603995,0.7197554765,0.9992451713,-0.8837223867,0.7214614729,0.9980635086,-0.8840695530,0.7198291699,0.9998343887,-0.8846590390,0.7216354102,1.0000000000,-0.8835764412,0.7213467367,0.9999429728,-0.8836195103,0.7211714188,0.9999502793,-0.8837600524,0.7210005043,0.9999519951,-0.8838584986,0.7208935634,0.5430324305,-0.6829297000,0.4033070080,0.1602501631,-0.1801316449,0.0239684374,-0.0841212163,0.0046737352,-0.0356534756,0.0239684062,-0.0841212038,-0.8515889897,0.5338931130,0.7946605351,-0.6977831244,0.6903320609,0.7948514516,-0.6974892597,0.6903345259,0.6984728825,-0.6963429838,0.5501503953,0.7939754516,-0.7984730381,0.7186504734,0.5996452825,-0.5947338928,0.5569744671,0.7937941949,-0.7979567225,0.7579208918,0.7944569603,-0.7961842801,0.7592338359,0.7942651123,-0.7957544804,0.7589070321,0.7941478857,-0.7960268185,0.7592174104,0.7943337778,-0.7959108665,0.7590737319,0.7944327427,-0.7971225474,0.7591929674,0.7941275280,-0.7960673719,0.7587886740,-0.8567136336,0.7642126433,0.7760708760,-0.7229773102,0.5984700113,-0.3482913538,0.2356150706
-0.8852518099,0.9994782235,-0.7958356648,-0.8822907548,0.9894611924,-0.7972541470,-0.8851207440,0.9991447191,-0.7967904923,-0.8835390796,0.9972367678,-0.7994223363,-0.8835764412,1.0000000000,-0.7987967918,-0.8835172218,0.9998253587,-0.7983994749,-0.8834372604,0.9998348774,-0.7981363346,-0.8834031738,0.9998348396,-0.7980194007,-0.7802848377,0.8963862332,-0.5677640761,-0.4160393281,0.4002215146,-0.1026666671,0.2468287418,-0.0295776009,0.1195807118,-0.1026666477,0.2468287386,0.8669739284,-0.6774314388,-0.7939802871,0.7004359698,-0.6898795823,-0.7941623524,0.6966383614,-0.6898229180,-0.6983612670,0.6958060340,-0.5498196388,-0.7933956262,0.8931620729,-0.8026850629,-0.6007757664,0.6003081823,-0.5584249590,-0.7945561111,0.7965059787,-0.7599493016,-0.7937776516,0.7959357785,-0.7584096814,-0.7945042850,0.7960218916,-0.7590525742,-0.7948029213,0.7952021837,-0.7585810022,-0.7938573220,0.7966927232,-0.7587439983,-0.7940000343,0.7956022158,-0.7580332047,-0.7932847237,0.7964349420,-0.7590376055,0.7632793351,-0.8213027696,-0.9119072044,0.8404746861,-0.6824094426,0.6151379781,-0.4537139724
0.7239616130,-0.8028742976,0.9994222898,0.7220277494,-0.7987278797,0.9912278944,0.7221738058,-0.7994588070,0.9952845309,0.7215495170,-0.7994693832,0.9998120215,0.7213467367,-0.7987967918,1.0000000000,0.7212008424,-0.7984500012,0.9999132974,0.7211621268,-0.7984371399,0.9999109901,0.7211439989,-0.7984715533,0.9998999681,0.6186324961,-0.7201030667,0.4508819278,0.3313269406,-0.3216222873,0.0801007428,-0.1961029822,0.0227247228,-0.0943659049,0.0801006955,-0.1961029543,-0.6962202881,0.5678401540,0.6405433324,-0.5600833027,0.5544044006,0.6404282966,-0.5601869138,0.5542912573,0.5619063222,-0.5608657814,0.4429766454,0.6413921292,-0.7247077341,0.6526515743,0.4832702329,-0.4805998693,0.4495409006,0.6409678591,-0.6433544255,0.6102078800,0.6416803487,-0.6414416012,0.6117889444,0.6416451841,-0.6410601148,0.6113562435,0.6406679388,-0.6416585067,0.6120041329,0.6416841290,-0.6412781664,0.6114957086,0.6417498713,-0.6418873919,0.6108568561,0.6416361464,-0.6415928605,0.6117678907,-0.6129585600,0.6695515069,0.7429839182,-0.6754057731,0.5587556122,-0.4949972705,0.3588563674
0.9998762808,-0.8875878353,0.7195969099,0.9992814962,-0.8836809363,0.7214080631,0.9980801495,-0.8839825984,0.7197546309,0.9998721454,-0.8845703384,0.7214986623,0.9999429728,-0.8835172218,0.7212008424,1.0000000000,-0.8835339591,0.7210316425,0.9999846063,-0.8836730085,0.7208641870,0.9999859742,-0.8837703680,0.7207595640,0.5429031809,-0.6828275457,0.4032180580,0.1601180722,-0.1799306859,0.0239317953,-0.0840425648,0.0046614872,-0.0356131592,0.0239317640,-0.0840425522,-0.8514024451,0.5338500709,0.7944385180,-0.6974339130,0.6900635691,0.7945748058,-0.6972245159,0.6900827161,0.6983352847,-0.6959045530,0.5500279017,0.7939834584,-0.7983860137,0.7180623639,0.6000408533,-0.5946619748,0.5571302490,0.7942525859,-0.7977474284,0.7579391509,0.7949018823,-0.7959798929,0.7591866420,0.7946609710,-0.7958564157,0.7588711133,0.7947286350,-0.7960929517,0.7589450674,0.7947336349,-0.7955554918,0.7590434863,0.7949024769,-0.7963652334,0.7589761595,0.7946143734,-0.7958895557,0.7594200400,-0.8565963133,0.7641655090,0.7759933770,-0.7227768726,0.5983881325,-0.3481726484,0.2355171423
-0.8852781419,0.9996806316,-0.7954490169,-0.8823719817,0.9898950875,-0.7970465279,-0.8850264100,0.9993014913,-0.7963950082,-0.8835704771,0.9973438146,-0.7990436082,-0.8836195103,0.9998253587,-0.7984500012,-0.8835339591,1.0000000000,-0.7980699220,-0.8834571203,0.9999799912,-0.7978167983,-0.8834231123,0.9999778964,-0.7977062004,-0.7805550896,0.8968452471,-0.5679593045,-0.4162007563,0.4003253299,-0.1027419597,0.2469558214,-0.0296002577,0.1196507756,-0.1027419413,0.2469558190,0.8669585511,-0.6775845026,-0.7938760645,0.7009235012,-0.6899823691,-0.7940363565,0.6967381762,-0.6899233597,-0.6982896450,0.6956641264,-0.5496408180,-0.7937232379,0.8937323567,-0.8039072040,-0.6005822953,0.5995045730,-0.5566296351,-0.7950851479,0.7970305956,-0.7591610484,-0.7944175663,0.7964259184,-0.7576589133,-0.7949295090,0.7962702341,-0.7582016263,-0.7950074923,0.7967439473,-0.7577744474,-0.7942458098,0.7969129451,-0.7579146197,-0.7946597552,0.7957413643,-0.7579714307,-0.7939464771,0.7967554133,-0.7574585437,0.7628906289,-0.8211507759,-0.9121156972,0.8408082567,-0.6824900698,0.6158841720,-0.4540080354
0.7238123687,-0.8025808242,0.9994671097,0.7218673928,-0.7988777974,0.9913462474,0.7218710061,-0.7990224194,0.9951582615,0.7213664767,-0.7990034012,0.9998327817,0.7211714188,-0.7983994749,0.9999132974,0.7210316425,-0.7980699220,1.0000000000,0.7209878498,-0.7980505910,0.9999732911,0.7209703810,-0.7980805914,0.9999677240,0.6183400739,-0.7199921313,0.4506749741,0.3312887527,-0.3218274669,0.0800572653,-0.1960637522,0.0227081463,-0.0943362424,0.0800572184,-0.1960637247,-0.6962384848,0.5679165183,0.6407022532,-0.5602427785,0.5545753682,0.6406028709,-0.5603415430,0.5544454073,0.5619296611,-0.5606623070,0.4428277683,0.6416222085,-0.7250698924,0.6529486101,0.4823064533,-0.4805721529,0.4496449984,0.6406527519,-0.6436637012,0.6108134554,0.6413844927,-0.6416959634,0.6123182816,0.6413097801,-0.6415110138,0.6121334779,0.6401769923,-0.6416041780,0.6122254507,0.6414504828,-0.6417452002,0.6118004007,0.6415146046,-0.6419666322,0.6122016644,0.6411857950,-0.6417883154,0.6123716750,-0.6128168695,0.6694067091,0.7429317644,-0.6755678192,0.5589081088,-0.4951687250,0.3587235620
0.9998912433,-0.8875211696,0.7195463041,0.9992857084,-0.8836433108,0.7214036321,0.9980770816,-0.8839024370,0.7197358358,0.9998801496,-0.8844897615,0.7214569972,0.9999502793,-0.8834372604,0.7211621268,0.9999846063,-0.8834571203,0.7209878498,1.0000000000,-0.8835960376,0.7208221506,0.9999950088,-0.8836926515,0.7207186779,0.5428008650,-0.6827632581,0.4031472038,0.1600061321,-0.1797586760,0.0239040186,-0.0839776188,0.0046524321,-0.0355808565,0.0239039871,-0.0839776061,-0.8512054673,0.5337916036,0.7941538475,-0.6971161067,0.6896588476,0.7943505614,-0.6968795288,0.6897717591,0.6981665569,-0.6958119249,0.5499514232,0.7939125429,-0.7982564441,0.7176792265,0.5999754227,-0.5944082303,0.5568010332,0.7944101878,-0.7978756400,0.7578785180,0.7950748835,-0.7961464328,0.7591281585,0.7947546353,-0.7959753117,0.7587056520,0.7948978963,-0.7961074256,0.7591281397,0.7948733566,-0.7958498342,0.7588937061,0.7950383522,-0.7964761836,0.7589321296,0.7948275798,-0.7961763322,0.7591879289,-0.8564114650,0.7640800555,0.7759104899,-0.7226156401,0.5982880677,-0.3481436405,0.2354488187
-0.8853986478,0.9996706598,-0.7954358013,-0.8825588692,0.9897161415,-0.7969028774,-0.8852113266,0.9993358764,-0.7963764731,-0.8837122486,0.9973649231,-0.7990328784,-0.8837600524,0.9998348774,-0.7984371399,-0.8836730085,0.9999799912,-0.7980505910,-0.8835960376,1.0000000000,-0.7977948939,-0.8835627088,0.9999937658,-0.7976829610,-0.7804511026,0.8968141457,-0.5678897503,-0.4158977058,0.3998937380,-0.1026892679,0.2467906604,-0.0295853199,0.1195758458,-0.1026892497,0.2467906580,0.8666836755,-0.6773003177,-0.7936189151,0.7007101362,-0.6896609215,-0.7937663186,0.6964592639,-0.6896562597,-0.6980845040,0.6953245966,-0.5493376542,-0.7938837185,0.8937945946,-0.8040636485,-0.6000555146,0.5988139830,-0.5558509106,-0.7951997318,0.7972296010,-0.7589193237,-0.7945552422,0.7966688092,-0.7573665184,-0.7951248740,0.7967020580,-0.7578702546,-0.7951197484,0.7967770712,-0.7575173622,-0.7943224024,0.7971293783,-0.7578830750,-0.7947233191,0.7960604899,-0.7576062255,-0.7940449197,0.7969320365,-0.7572294149,0.7626193828,-0.8208913028,-0.9119379939,0.8405971256,-0.6822393752,0.6158926314,-0.4539143990
0.7236622182,-0.8023750164,0.9994123055,0.7217074735,-0.7988645735,0.9916203470,0.7215906149,-0.7987382960,0.9952314240,0.7211894932,-0.7986985819,0.9998169677,0.7210005043,-0.7981363346,0.9999109901,0.7208641870,-0.7978167983,0.9999732911,0.7208221506,-0.7977948939,1.0000000000,0.7208027541,-0.7978211025,0.9999897175,0.6181668367,-0.7198693951,0.4505504123,0.3313651625,-0.3221533321,0.0800428343,-0.1960899167,0.0227013343,-0.0943394903,0.0800427873,-0.1960898892,-0.6964853444,0.5680466694,0.6409866782,-0.5609911244,0.5551912933,0.6408364437,-0.5609323930,0.5550800777,0.5622198900,-0.5606897112,0.4428182467,0.6417732592,-0.7253846918,0.6530154859,0.4818087663,-0.4806511611,0.4494797245,0.6405641047,-0.6437324405,0.6110466101,0.6412925722,-0.6415970354,0.6125957188,0.6412831633,-0.6413857835,0.6121938824,0.6401392172,-0.6415958295,0.6124759374,0.6414059377,-0.6416285203,0.6122108265,0.6414076114,-0.6417753748,0.6124646946,0.6410797294,-0.6417411050,0.6126285933,-0.6129794570,0.6694497398,0.7429518043,-0.6758162066,0.5591016954,-0.4951732895,0.3586394470
0.9998967340,-0.8874932028,0.7195232011,0.9992864160,-0.8836271293,0.7213975644,0.9980758534,-0.8838691384,0.7197241747,0.9998823874,-0.8844552567,0.7214374815,0.9999519951,-0.8834031738,0.7211439989,0.9999859742,-0.8834231123,0.7209703810,0.9999950088,-0.8835627088,0.7208027541,1.0000000000,-0.8836598208,0.7206994587,0.5427585389,-0.6827513863,0.4031180764,0.1599425282,-0.1796323097,0.0238921675,-0.0839434463,0.0046486630,-0.0355648820,0.0238921360,-0.0839434335,-0.8510065407,0.5337471253,0.7939498162,-0.6967123755,0.6893410800,0.7940436656,-0.6965210733,0.6894316395,0.6980066620,-0.6956975742,0.5498598091,0.7938711354,-0.7981737655,0.7175321944,0.5998667377,-0.5942232073,0.5567482544,0.7944901440,-0.7979496012,0.7579136211,0.7951354696,-0.7962698773,0.7591701126,0.7948175904,-0.7960752557,0.7587740898,0.7949948499,-0.7962133554,0.7591012603,0.7949539509,-0.7959755731,0.7589279846,0.7951282422,-0.7966122175,0.7589942203,0.7948840712,-0.7963043834,0.7592103514,-0.8562177140,0.7640040762,0.7758570735,-0.7224668698,0.5982070329,-0.3481635915,0.2354281988
-0.8854786253,0.9996451929,-0.7954751093,-0.8826917422,0.9895191167,-0.7968145688,-0.8853589790,0.9993567654,-0.7964104308,-0.8838120505,0.9973815464,-0.7990711699,-0.8838584986,0.9998348396,-0.7984715533,-0.8837703680,0.9999778964,-0.7980805914,-0.8836926515,0.9999937658,-0.7978211025,-0.8836598208,1.0000000000,-0.7977063951,-0.7803541649,0.8967384202,-0.5678232113,-0.4156657835,0.3995761248,-0.1026445915,0.2466598262,-0.0295727593,0.1195155106,-0.1026445734,0.2466598239,0.8664793954,-0.6770647997,-0.7934185538,0.7003463238,-0.6893508406,-0.7935116186,0.6961171634,-0.6893103882,-0.6979301868,0.6951338550,-0.5491698022,-0.7939360117,0.8937717985,-0.8041034906,-0.5997396548,0.5985204604,-0.5557265761,-0.7951979749,0.7973175758,-0.7588872832,-0.7945451181,0.7967936023,-0.7573366728,-0.7951494367,0.7968089550,-0.7578872250,-0.7951324200,0.7968929159,-0.7574579910,-0.7942958307,0.7972482013,-0.7578553890,-0.7947057814,0.7961910690,-0.7575907311,-0.7940422338,0.7970454777,-0.7572193283,0.7624780312,-0.8207216022,-0.9117801263,0.8403941402,-0.6820333346,0.6158030845,-0.4538183028
0.7235724191,-0.8022974769,0.9993590135,0.7215993123,-0.7989338695,0.9918399215,0.7214014712,-0.7986055618,0.9952910151,0.7210782265,-0.7985507768,0.9997962221,0.7208935634,-0.7980194007,0.9998999681,0.7207595640,-0.7977062004,0.9999677240,0.7207186779,-0.7976829610,0.9999897175,0.7206994587,-0.7977063951,1.0000000000,0.6181277745,-0.7198512569,0.4505215650,0.3314857160,-0.3224247586,0.0800534018,-0.1961511197,0.0227029582,-0.0943637711,0.0800533549,-0.1961510922,-0.6967029703,0.5682030990,0.6412150207,-0.5616144953,0.5556505248,0.6410639078,-0.5614293837,0.5556092034,0.5624741542,-0.5607716057,0.4428532747,0.6419137246,-0.7256337420,0.6530751078,0.4817253775,-0.4807197808,0.4491741521,0.6405392855,-0.6437262844,0.6110630441,0.6412767435,-0.6414936211,0.6126095406,0.6412786464,-0.6412849351,0.6121909575,0.6401417104,-0.6415156132,0.6125037680,0.6413874152,-0.6415443094,0.6122730747,0.6413714552,-0.6416533643,0.6124330777,0.6410357144,-0.6416504385,0.6126167088,-0.6131245696,0.6695367404,0.7430313995,-0.6760358615,0.5592795289,-0.4952232760,0.3586398553
0.5456714233,-0.7781093276,0.6152893715,0.5417658905,-0.7698100944,0.6179439875,0.5453458984,-0.7790626367,0.6167031371,0.5430020645,-0.7758181379,0.6191054808,0.5430324305,-0.7802848377,0.6186324961,0.5429031809,-0.7805550896,0.6183400739,0.5428008650,-0.7804511026,0.6181668367,0.5427585389,-0.7803541649,0.6181277745,1.0000000000,-0.8999684478,0.8000103507,0.5909760499,-0.6246256336,0.1491146606,-0.3547826438,0.0434896622,-0.1740588205,0.1491146351,-0.3547826338,-0.6153715048,0.5690503297,0.5590043274,-0.5206626028,0.4943880598,0.5690483087,-0.4991550573,0.5086880923,0.4936193117,-0.4901568171,0.3925841741,0.5620048685,-0.7022367974,0.6349945308,0.4213570921,-0.4406899990,0.4013377553,0.5673644011,-0.5764180724,0.5341024629,0.5662399964,-0.5691620595,0.5317537353,0.5699215521,-0.5710752850,0.5380186322,0.5643931157,-0.5680011931,0.5357531787,0.5659704111,-0.5696601667,0.5333942185,0.5648541631,-0.5636943551,0.5335924313,0.5667910790,-0.5684401823,0.5332565498,-0.3593672410,0.5826914115,0.7564623736,-0.7643272249,0.5869320409,-0.8261127702,0.5866334593
-0.6862353965,0.8963375286,-0.7159440385,-0.6820458852,0.8901934670,-0.7206547101,-0.6840651457,0.8955135745,-0.7175378856,-0.6830397535,0.8917589882,-0.7202041549,-0.6829297000,0.8963862332,-0.7201030667,-0.6828275457,0.8968452471,-0.7199921313,-0.6827632581,0.8968141457,-0.7198693951,-0.6827513863,0.8967384202,-0.7198512569,-0.8999684478,1.0000000000,-0.7999831768,-0.6636236630,0.6999739892,-0.1841077740,0.4104157298,-0.0574966920,0.2069803069,-0.1841077686,0.4104157363,0.7593714119,-0.6515008827,-0.6879776309,0.6370316436,-0.6105839929,-0.6882955394,0.6150911148,-0.6241303599,-0.6142546436,0.6226026347,-0.4922049131,-0.6860982622,0.8250883566,-0.7450196843,-0.5484605138,0.5664548360,-0.4916388797,-0.7109354915,0.7302756311,-0.6789237047,-0.7089339846,0.7203470079,-0.6755679762,-0.7131811635,0.7230875205,-0.6809695851,-0.7065707220,0.7175298031,-0.6775871013,-0.7086973830,0.7211759772,-0.6788227610,-0.7110282355,0.7156721783,-0.6783379542,-0.7080185884,0.7193905004,-0.6787246775,0.4893771969,-0.6830748737,-0.8862831447,0.8982546462,-0.7087271383,0.8962117020,-0.6772430754
0.4051723126,-0.5663452075,0.4484904796,0.4023978328,-0.5605058049,0.4504486701,0.4048667956,-0.5669045334,0.4494920785,0.4032832108,-0.5646300391,0.4512180361,0.4033070080,-0.5677640761,0.4508819278,0.4032180580,-0.5679593045,0.4506749741,0.4031472038,-0.5678897503,0.4505504123,0.4031180764,-0.5678232113,0.4505215650,0.8000103507,-0.7999831768,1.0000000000,0.6415193218,-0.7205662851,0.1847920396,-0.4032003177,0.0592341116,-0.2065388890,0.1847920216,-0.4032003113,-0.4558639698,0.4091326495,0.4139533350,-0.4224564399,0.3901919046,0.4206635439,-0.3929304806,0.4178908112,0.3719752667,-0.3776739258,0.3107990439,0.4058366000,-0.5160087683,0.4766731064,0.3500876899,-0.3697004283,0.3008132434,0.4180190439,-0.4346395780,0.3901599241,0.4164588467,-0.4208335961,0.3881033143,0.4226246992,-0.4250362821,0.3975544752,0.4127043046,-0.4159702111,0.3929626278,0.4153998258,-0.4206084207,0.3932368267,0.4178229525,-0.4128313904,0.3924607460,0.4156192996,-0.4186923752,0.3932115942,-0.1369667026,0.3699445055,0.6004152462,-0.6792604693,0.5201910590,-0.8536930172,0.6533776948
0.1637547910,-0.4139824905,0.3277087664,0.1586871242,-0.4116943249,0.3346834374,0.1612450163,-0.4141188587,0.3319835075,0.1602132806,-0.4113706226,0.3314078018,0.1602501631,-0.4160393281,0.3313269406,0.1601180722,-0.4162007563,0.3312887527,0.1600061321,-0.4158977058,0.3313651625,0.1599425282,-0.4156657835,0.3314857160,0.5909760499,-0.6636236630,0.6415193218,1.0000000000,-0.8999541636,0.3231818090,-0.6232932362,0.1119512477,-0.3393973526,0.3231818216,-0.6232932480,-0.3544960748,0.3642697127,0.2889661572,-0.3630846555,0.3280863785,0.2987666728,-0.3243417042,0.3324826154,0.2824241301,-0.3062087750,0.2366683920,0.2562135449,-0.4007741035,0.3645348936,0.2754598678,-0.3196630445,0.1972226116,0.2986889407,-0.3261862232,0.2866843576,0.2965107889,-0.3030381033,0.2833163783,0.3015682570,-0.3085100995,0.2937434706,0.2925683595,-0.2972719370,0.2835628755,0.2946302584,-0.3040935470,0.2824817834,0.2992763348,-0.2980630182,0.2862907052,0.2970701956,-0.3024302811,0.2911454821,-0.0189520672,0.2376516306,0.5150489819,-0.5982376559,0.4802476862,-0.7876234623,0.6175859263
-0.1841814219,0.4001331155,-0.3165812384,-0.1791333729,0.4003482375,-0.3273131756,-0.1795516650,0.3982927724,-0.3242406167,-0.1801167716,0.3959361556,-0.3212586231,-0.1801316449,0.4002215146,-0.3216222873,-0.1799306859,0.4003253299,-0.3218274669,-0.1797586760,0.3998937380,-0.3221533321,-0.1796323097,0.3995761248,-0.3224247586,-0.6246256336,0.6999739892,-0.7205662851,-0.8999541636,1.0000000000,-0.4050209519,0.6999889265,-0.1609487991,0.3999968800,-0.4050209502,0.6999889265,0.4231996470,-0.3696854089,-0.3563873136,0.4341807244,-0.3936978785,-0.3597556237,0.3884009726,-0.4022356902,-0.3511887095,0.3933949511,-0.2983730658,-0.3027087660,0.4347252157,-0.3964278285,-0.3649768633,0.4336332842,-0.2698630678,-0.3686986555,0.4234926776,-0.3849639472,-0.3660991169,0.3899996083,-0.3811378754,-0.3718778991,0.3945769903,-0.3906077722,-0.3622752560,0.3827826072,-0.3812651021,-0.3646192146,0.3894676120,-0.3824283646,-0.3716114899,0.3871606054,-0.3860356755,-0.3668328636,0.3888326253,-0.3918650067,0.0340821739,-0.2309211592,-0.5619775448,0.6998336295,-0.5654730218,0.8744921935,-0.6699687733
0.0247698373,-0.1016954807,0.0793154529,0.0236856624,-0.1002615207,0.0801719313,0.0246779308,-0.1022293811,0.0798638151,0.0239653036,-0.1012889106,0.0801716805,0.0239684374,-0.1026666671,0.0801007428,0.0239317953,-0.1027419597,0.0800572653,0.0239040186,-0.1026892679,0.0800428343,0.0238921675,-0.1026445915,0.0800534018,0.1491146606,-0.1841077740,0.1847920396,0.3231818090,-0.4050209519,1.0000000000,-0.8999923428,0.1584893016,-0.2946035483,0.3386711233,-0.4541412043,-0.1102433610,0.0978795544,0.0698591654,-0.1354810009,0.1275587798,0.0663701285,-0.1212166804,0.1176122551,0.0867983717,-0.1049743297,0.0836826874,0.0420479853,-0.0988462455,0.0950322816,0.1190209982,-0.1265330952,0.0312577333,0.0599417818,-0.0714080510,0.0573574360,0.0599675166,-0.0603357964,0.0547148976,0.0613338856,-0.0634686026,0.0573592469,0.0566203444,-0.0536377232,0.0536950880,0.0570487731,-0.0599696320,0.0570129856,0.0645220365,-0.0587698977,0.0590591448,0.0565381551,-0.0583581789,0.0623059828,0.0275935951,0.0054075733,0.2033214132,-0.2063567497,0.2151315206,-0.2613535545,0.2157469502
-0.0861924074,0.2453481616,-0.1940039518,-0.0832577800,0.2435682833,-0.1976928046,-0.0849636232,0.2456951215,-0.1962365875,-0.0841023528,0.2438756958,-0.1961760594,-0.0841212163,0.2468287418,-0.1961029822,-0.0840425648,0.2469558214,-0.1960637522,-0.0839776188,0.2467906604,-0.1960899167,-0.0839434463,0.2466598262,-0.1961511197,-0.3547826438,0.4104157298,-0.4032003177,-0.6232932362,0.6999889265,-0.8999923428,1.0000000000,-0.2016870257,0.4116795884,-0.4541412346,0.6639369947,0.2366679983,-0.2244272170,-0.1744812465,0.2617973432,-0.2427943152,-0.1730158426,0.2352212659,-0.2346232242,-0.1880990150,0.2155626198,-0.1693853302,-0.1344303607,0.2389320682,-0.2222583040,-0.2207572902,0.2424655670,-0.1053430339,-0.1683907559,0.1894655271,-0.1630405177,-0.1676966901,0.1706673621,-0.1591666463,-0.1705967460,0.1754046932,-0.1648298943,-0.1631858243,0.1618854331,-0.1582782328,-0.1643137232,0.1704290547,-0.1616321648,-0.1735520859,0.1676453496,-0.1647561719,-0.1642496840,0.1683640525,-0.1694649793,-0.0140596349,-0.0901894399,-0.3842290764,0.4137129468,-0.3833002942,0.5281504167,-0.4233405459
0.0049031635,-0.0292325823,0.0225022081,0.0045981246,-0.0287025826,0.0226671583,0.0049382430,-0.0294524787,0.0226280078,0.0046736055,-0.0291532619,0.0227512255,0.0046737352,-0.0295776009,0.0227247228,0.0046614872,-0.0296002577,0.0227081463,0.0046524321,-0.0295853199,0.0227013343,0.0046486630,-0.0295727593,0.0227029582,0.0434896622,-0.0574966920,0.0592341116,0.1119512477,-0.1609487991,0.1584893016,-0.2016870257,1.0000000000,-0.8999975373,0.1584892869,-0.2016869935,-0.0391151634,0.0302012395,0.0216975638,-0.0518698694,0.0496326120,0.0193785385,-0.0465089048,0.0440997010,0.0307852324,-0.0394018156,0.0315380106,0.0084647621,-0.0291793507,0.0290593873,0.0478507706,-0.0499521477,0.0066524257,0.0160047780,-0.0209606441,0.0159335348,0.0161370639,-0.0162935893,0.0147675185,0.0165452283,-0.0175945077,0.0155448971,0.0146386114,-0.0131407538,0.0141938348,0.0147348783,-0.0160261880,0.0159437139,0.0183508738,-0.0158368405,0.0168341020,0.0143856669,-0.0153230677,0.0183125139,0.0134467009,-0.0101818221,0.0769539864,-0.0747415282,0.0858403785,-0.0905637831,0.0760511131
-0.0366410262,0.1187113360,-0.0933762885,-0.0352622024,0.1175676066,-0.0949084210,-0.0362103375,0.1190405788,-0.0943200207,-0.0356462888,0.1180800472,-0.0944172821,-0.0356534756,0.1195807118,-0.0943659049,-0.0356131592,0.1196507756,-0.0943362424,-0.0355808565,0.1195758458,-0.0943394903,-0.0355648820,0.1195155106,-0.0943637711,-0.1740588205,0.2069803069,-0.2065388890,-0.3393973526,0.3999968800,-0.2946035483,0.4116795884,-0.8999975373,1.0000000000,-0.2946036062,0.4116796021,0.1214745282,-0.1111310801,-0.0840252728,0.1415198054,-0.1320054854,-0.0820600791,0.1267334250,-0.1248844044,-0.0962528182,0.1131802657,-0.0893993853,-0.0587676042,0.1159565215,-0.1093410561,-0.1211943256,0.1315709643,-0.0455426108,-0.0775502852,0.0894846964,-0.0749281220,-0.0773586099,0.0785270525,-0.0725554287,-0.0788772883,0.0814310822,-0.0755333636,-0.0744225718,0.0727502737,-0.0718039474,-0.0749683067,0.0782825738,-0.0743221081,-0.0812299101,0.0768941911,-0.0762553640,-0.0747548764,0.0769181646,-0.0792284833,-0.0180998417,-0.0276682582,-0.2082747103,0.2194673222,-0.2146662156,0.2791645865,-0.2265307638
0.0247698048,-0.1016954618,0.0793154077,0.0236856319,-0.1002615022,0.0801718794,0.0246779012,-0.1022293620,0.0798637611,0.0239652725,-0.1012888878,0.0801716332,0.0239684062,-0.1026666477,0.0801006955,0.0239317640,-0.1027419413,0.0800572184,0.0239039871,-0.1026892497,0.0800427873,0.0238921360,-0.1026445734,0.0800533549,0.1491146351,-0.1841077686,0.1847920216,0.3231818216,-0.4050209502,0.3386711233,-0.4541412346,0.1584892869,-0.2946036062,1.0000000000,-0.8999923428,-0.1102433336,0.0978795324,0.0698591330,-0.1354810721,0.1275588464,0.0663701421,-0.1212166905,0.1176122924,0.0867983496,-0.1049742753,0.0836826389,0.0420479674,-0.0988462505,0.0950322744,0.1190208681,-0.1265329667,0.0312576128,0.0599417236,-0.0714080486,0.0573573667,0.0599674593,-0.0603357471,0.0547148340,0.0613338381,-0.0634685580,0.0573591926,0.0566202705,-0.0536376825,0.0536950116,0.0570487216,-0.0599695845,0.0570129341,0.0645219786,-0.0587698486,0.0590590733,0.0565381054,-0.0583581306,0.0623059211,0.0275935416,0.0054075336,0.2033213944,-0.2063567001,0.2151315040,-0.2613535667,0.2157469701
-0.0861923940,0.2453481589,-0.1940039252,-0.0832577680,0.2435682815,-0.1976927739,-0.0849636117,0.2456951184,-0.1962365548,-0.0841023403,0.2438756896,-0.1961760315,-0.0841212038,0.2468287386,-0.1961029543,-0.0840425522,0.2469558190,-0.1960637247,-0.0839776061,0.2467906580,-0.1960898892,-0.0839434335,0.2466598239,-0.1961510922,-0.3547826338,0.4104157363,-0.4032003113,-0.6232932480,0.6999889265,-0.4541412043,0.6639369947,-0.2016869935,0.4116796021,-0.8999923428,1.0000000000,0.2366679941,-0.2244272082,-0.1744812290,0.2617974149,-0.2427943743,-0.1730158611,0.2352212941,-0.2346232535,-0.1880990095,0.2155625850,-0.1693853003,-0.1344303580,0.2389320878,-0.2222583099,-0.2207572043,0.2424654869,-0.1053429506,-0.1683907220,0.1894655310,-0.1630404733,-0.1676966571,0.1706673331,-0.1591666040,-0.1705967207,0.1754046681,-0.1648298532,-0.1631857786,0.1618854072,-0.1582781922,-0.1643136944,0.1704290263,-0.1616321328,-0.1735520521,0.1676453203,-0.1647561258,-0.1642496562,0.1683640244,-0.1694649373,-0.0140595742,-0.0901894209,-0.3842290716,0.4137129180,-0.3833002884,0.5281504314,-0.4233405659
-0.8535608465,0.8703502605,-0.6914935130,-0.8518243778,0.8645008831,-0.6974444493,-0.8488818043,0.8653565456,-0.6979611766,-0.8513330046,0.8649108593,-0.6962836125,-0.8515889897,0.8669739284,-0.6962202881,-0.8514024451,0.8669585511,-0.6962384848,-0.8512054673,0.8666836755,-0.6964853444,-0.8510065407,0.8664793954,-0.6967029703,-0.6153715048,0.7593714119,-0.4558639698,-0.3544960748,0.4231996470,-0.1102433610,0.2366679983,-0.0391151634,0.1214745282,-0.1102433336,0.2366679941,1.0000000000,-0.7999992326,-0.8775304235,0.8668465483,-0.8410933902,-0.8751157128,0.8463701588,-0.8380452429,-0.7895399827,0.8002832334,-0.6247325629,-0.8202071759,0.8910064742,-0.7832393675,-0.7863292155,0.8640653344,-0.7939670016,-0.8194031375,0.8827874099,-0.8289951793,-0.8194174611,0.8651292887,-0.8294935894,-0.8192666402,0.8646331943,-0.8290707605,-0.8206695532,0.8656440578,-0.8293760476,-0.8203701522,0.8653446911,-0.8290451486,-0.8198642690,0.8658749480,-0.8289199558,-0.8206255577,0.8655043420,-0.8286373435,0.9075377418,-0.8076865627,-0.8627161565,0.9261516314,-0.7389992190,0.5106431638,-0.3826244271
0.5375431319,-0.6790908668,0.5638376520,0.5314139033,-0.6816736131,0.5752902203,0.5316056269,-0.6752965990,0.5689964628,0.5337682620,-0.6739557146,0.5678103384,0.5338931130,-0.6774314388,0.5678401540,0.5338500709,-0.6775845026,0.5679165183,0.5337916036,-0.6773003177,0.5680466694,0.5337471253,-0.6770647997,0.5682030990,0.5690503297,-0.6515008827,0.4091326495,0.3642697127,-0.3696854089,0.0978795544,-0.2244272170,0.0302012395,-0.1111310801,0.0978795324,-0.2244272082,-0.7999992326,1.0000000000,0.6418671695,-0.7049673017,0.6839444478,0.6360035092,-0.6888455814,0.6857035930,0.5714324805,-0.5740374249,0.4718268741,0.5807232785,-0.7047941484,0.5976638522,0.6869832228,-0.7705940030,0.7708434465,0.5336753299,-0.6065768398,0.5348331427,0.5336998278,-0.6033652397,0.5342972270,0.5317415685,-0.6067811425,0.5350511125,0.5341956841,-0.6010110736,0.5379426780,0.5347367498,-0.6046321939,0.5370120797,0.5305288852,-0.5969480856,0.5349586271,0.5346560104,-0.6006308089,0.5308091272,-0.6787907080,0.6534997441,0.7074147175,-0.7814343148,0.6157292821,-0.4970070058,0.4321587909
0.7960354928,-0.7970334857,0.6373432996,0.7938227867,-0.7938587020,0.6413198722,0.7929281731,-0.7930251201,0.6411645722,0.7944768536,-0.7930421117,0.6406450360,0.7946605351,-0.7939802871,0.6405433324,0.7944385180,-0.7938760645,0.6407022532,0.7941538475,-0.7936189151,0.6409866782,0.7939498162,-0.7934185538,0.6412150207,0.5590043274,-0.6879776309,0.4139533350,0.2889661572,-0.3563873136,0.0698591654,-0.1744812465,0.0216975638,-0.0840252728,0.0698591330,-0.1744812290,-0.8775304235,0.6418671695,1.0000000000,-0.8966094703,0.8909531465,0.9905646229,-0.8993241684,0.8903752219,0.8837478840,-0.9031054022,0.7117780293,0.8085629179,-0.8004029779,0.7196738666,0.6750208093,-0.6184895072,0.5676346952,0.8055612225,-0.7932976971,0.7648060014,0.8053355191,-0.7919729233,0.7650874859,0.8052994592,-0.7918774242,0.7651798170,0.8058027933,-0.7919384051,0.7648931308,0.8056847878,-0.7921946507,0.7651212136,0.8050582218,-0.7921199383,0.7650083641,0.8062684886,-0.7920300494,0.7651908645,-0.8097726497,0.7503852045,0.7788597338,-0.8153036122,0.6640806442,-0.4596649850,0.3230064827
-0.6987814836,0.7036569297,-0.5584081117,-0.6969351155,0.6992909440,-0.5621960089,-0.6925233087,0.6983565516,-0.5629228988,-0.6968902950,0.6981019445,-0.5609236169,-0.6977831244,0.7004359698,-0.5600833027,-0.6974339130,0.7009235012,-0.5602427785,-0.6971161067,0.7007101362,-0.5609911244,-0.6967123755,0.7003463238,-0.5616144953,-0.5206626028,0.6370316436,-0.4224564399,-0.3630846555,0.4341807244,-0.1354810009,0.2617973432,-0.0518698694,0.1415198054,-0.1354810721,0.2617974149,0.8668465483,-0.7049673017,-0.8966094703,1.0000000000,-0.9851410939,-0.8959472331,0.9860630173,-0.9856897397,-0.8009673947,0.8014414860,-0.6322642771,-0.6980308506,0.7147741610,-0.6317892015,-0.6066248774,0.6352366346,-0.5636444328,-0.6988179573,0.7157867672,-0.6682388370,-0.6998475511,0.7015996295,-0.6687693689,-0.6998148306,0.7020419868,-0.6688979099,-0.6989631601,0.7015937355,-0.6693027759,-0.6992416485,0.7013596232,-0.6692884820,-0.6995375193,0.7006276237,-0.6688530683,-0.6981206027,0.7011524995,-0.6684604166,0.7620197556,-0.7108972709,-0.7566809547,0.8284537804,-0.6915798533,0.4711747173,-0.3709414947
0.6912281512,-0.6921734755,0.5536899527,0.6881436588,-0.6892040728,0.5556878696,0.6874571816,-0.6882844297,0.5558429355,0.6896279724,-0.6883273319,0.5553788551,0.6903320609,-0.6898795823,0.5544044006,0.6900635691,-0.6899823691,0.5545753682,0.6896588476,-0.6896609215,0.5551912933,0.6893410800,-0.6893508406,0.5556505248,0.4943880598,-0.6105839929,0.3901919046,0.3280863785,-0.3936978785,0.1275587798,-0.2427943152,0.0496326120,-0.1320054854,0.1275588464,-0.2427943743,-0.8410933902,0.6839444478,0.8909531465,-0.9851410939,1.0000000000,0.8909119385,-0.9924654040,0.9913851705,0.7932578171,-0.7912318797,0.6253193992,0.6925691819,-0.6930590992,0.6231278436,0.5942809849,-0.5953177311,0.5537585379,0.6928627028,-0.6961239206,0.6608753397,0.6925193205,-0.6932436483,0.6608482848,0.6924032793,-0.6927528901,0.6609978686,0.6929815721,-0.6933190285,0.6604541356,0.6927560658,-0.6932658028,0.6606252205,0.6925167111,-0.6937167239,0.6607806385,0.6931433930,-0.6933368881,0.6611182314,-0.7559090618,0.7118342872,0.7430746099,-0.7941261120,0.6755337343,-0.4377749654,0.3470493103
0.7960598105,-0.7969221054,0.6371678845,0.7939492513,-0.7930795431,0.6419922134,0.7918450352,-0.7930159711,0.6414753679,0.7946418944,-0.7932340825,0.6403832698,0.7948514516,-0.7941623524,0.6404282966,0.7945748058,-0.7940363565,0.6406028709,0.7943505614,-0.7937663186,0.6408364437,0.7940436656,-0.7935116186,0.6410639078,0.5690483087,-0.6882955394,0.4206635439,0.2987666728,-0.3597556237,0.0663701285,-0.1730158426,0.0193785385,-0.0820600791,0.0663701421,-0.1730158611,-0.8751157128,0.6360035092,0.9905646229,-0.8959472331,0.8909119385,1.0000000000,-0.9001120532,0.8914171554,0.8840694994,-0.9032393601,0.7115163348,0.8089581579,-0.7998390794,0.7202721797,0.6757255360,-0.6173462367,0.5679798372,0.8056271129,-0.7919058226,0.7653038390,0.8053987020,-0.7920374755,0.7651838815,0.8055482786,-0.7923028913,0.7651342459,0.8054623526,-0.7922147596,0.7651904582,0.8055176358,-0.7920396607,0.7650232035,0.8062566479,-0.7924050023,0.7654139193,0.8049851495,-0.7921970325,0.7652048150,-0.8092037912,0.7543782453,0.7786140130,-0.8143654473,0.6643071529,-0.4603477842,0.3222032143
-0.6984051067,0.6989413316,-0.5594161686,-0.6953509059,0.6957942068,-0.5616952648,-0.6943323110,0.6950632254,-0.5618938454,-0.6967577421,0.6951486259,-0.5611614305,-0.6974892597,0.6966383614,-0.5601869138,-0.6972245159,0.6967381762,-0.5603415430,-0.6968795288,0.6964592639,-0.5609323930,-0.6965210733,0.6961171634,-0.5614293837,-0.4991550573,0.6150911148,-0.3929304806,-0.3243417042,0.3884009726,-0.1212166804,0.2352212659,-0.0465089048,0.1267334250,-0.1212166905,0.2352212941,0.8463701588,-0.6888455814,-0.8993241684,0.9860630173,-0.9924654040,-0.9001120532,1.0000000000,-0.9919445777,-0.8012369575,0.7995603426,-0.6314898238,-0.6996923750,0.6999687494,-0.6295566657,-0.6007116069,0.6006016453,-0.5596555524,-0.6997552501,0.7025222178,-0.6678596948,-0.6995528110,0.7002721331,-0.6676216210,-0.6995047829,0.7001815262,-0.6674290443,-0.6998262940,0.7003988204,-0.6674358179,-0.6996941523,0.7004001915,-0.6676111710,-0.6995777766,0.7005088441,-0.6674670999,-0.6999521616,0.7003119035,-0.6675538328,0.7633785725,-0.7164730251,-0.7452303231,0.7976812430,-0.6760341456,0.4380609693,-0.3468403325
0.6912648066,-0.6920493665,0.5536955330,0.6881303693,-0.6891000345,0.5558479215,0.6871668480,-0.6883611068,0.5560913809,0.6895616993,-0.6887271197,0.5553787895,0.6903345259,-0.6898229180,0.5542912573,0.6900827161,-0.6899233597,0.5544454073,0.6897717591,-0.6896562597,0.5550800777,0.6894316395,-0.6893103882,0.5556092034,0.5086880923,-0.6241303599,0.4178908112,0.3324826154,-0.4022356902,0.1176122551,-0.2346232242,0.0440997010,-0.1248844044,0.1176122924,-0.2346232535,-0.8380452429,0.6857035930,0.8903752219,-0.9856897397,0.9913851705,0.8914171554,-0.9919445777,1.0000000000,0.7932115417,-0.7912044586,0.6252774565,0.6929008908,-0.6926742051,0.6232587268,0.5944059392,-0.5951403901,0.5538590173,0.6928526142,-0.6956856708,0.6611230215,0.6925900614,-0.6933255003,0.6608329596,0.6926984229,-0.6934875281,0.6606966355,0.6925771869,-0.6930891588,0.6609726549,0.6926808913,-0.6932571862,0.6606124597,0.6925653855,-0.6933217278,0.6609113348,0.6931720304,-0.6933693156,0.6608641651,-0.7441530600,0.7099593067,0.7423253297,-0.8012001086,0.6775778811,-0.4590912370,0.3664446814
0.6996319773,-0.7022169287,0.5558182477,0.7013416128,-0.6995858972,0.5608952212,0.6974069465,-0.6974527700,0.5640021458,0.6980130594,-0.6981049105,0.5619197810,0.6984728825,-0.6983612670,0.5619063222,0.6983352847,-0.6982896450,0.5619296611,0.6981665569,-0.6980845040,0.5622198900,0.6980066620,-0.6979301868,0.5624741542,0.4936193117,-0.6142546436,0.3719752667,0.2824241301,-0.3511887095,0.0867983717,-0.1880990150,0.0307852324,-0.0962528182,0.0867983496,-0.1880990095,-0.7895399827,0.5714324805,0.8837478840,-0.8009673947,0.7932578171,0.8840694994,-0.8012369575,0.7932115417,1.0000000000,-0.8949931601,0.7094131174,0.7884173108,-0.7988952159,0.7197563166,0.6324382720,-0.5780134097,0.5503461528,0.7923505093,-0.7110660885,0.6650359083,0.7926785144,-0.7108545932,0.6652054256,0.7926973327,-0.7107413993,0.6652952275,0.7924721537,-0.7109051756,0.6651364104,0.7924379165,-0.7110807219,0.6652926600,0.7920383386,-0.7108285327,0.6650598636,0.7926362259,-0.7110823350,0.6652217209,-0.7298228820,0.6771252396,0.7077994711,-0.7477895335,0.6172773692,-0.4289610262,0.3010188640
-0.6987655106,0.6986239056,-0.5581882645,-0.6934870840,0.6949193506,-0.5617428301,-0.6949007931,0.6951663735,-0.5608961877,-0.6965194088,0.6953177973,-0.5606658924,-0.6963429838,0.6958060340,-0.5608657814,-0.6959045530,0.6956641264,-0.5606623070,-0.6958119249,0.6953245966,-0.5606897112,-0.6956975742,0.6951338550,-0.5607716057,-0.4901568171,0.6226026347,-0.3776739258,-0.3062087750,0.3933949511,-0.1049743297,0.2155626198,-0.0394018156,0.1131802657,-0.1049742753,0.2155625850,0.8002832334,-0.5740374249,-0.9031054022,0.8014414860,-0.7912318797,-0.9032393601,0.7995603426,-0.7912044586,-0.8949931601,1.0000000000,-0.7900766935,-0.7024261451,0.7006004086,-0.6301826081,-0.5936426315,0.6032570672,-0.5638644874,-0.8017923578,0.7976434741,-0.7644464137,-0.8016186576,0.7974978782,-0.7641112532,-0.8016080948,0.7974818373,-0.7640341705,-0.8014960063,0.7974906333,-0.7642214800,-0.8015249359,0.7973391691,-0.7641193380,-0.8019530370,0.7974127535,-0.7641619482,-0.8013867438,0.7973742115,-0.7640696683,0.7203931706,-0.6678328137,-0.7125170864,0.7694876011,-0.6338404623,0.4498496853,-0.3056362778
0.5519191368,-0.5515383406,0.4410379937,0.5481412296,-0.5491350387,0.4437573092,0.5489950631,-0.5496907935,0.4433101683,0.5500994006,-0.5494925198,0.4430393899,0.5501503953,-0.5498196388,0.4429766454,0.5500279017,-0.5496408180,0.4428277683,0.5499514232,-0.5493376542,0.4428182467,0.5498598091,-0.5491698022,0.4428532747,0.3925841741,-0.4922049131,0.3107990439,0.2366683920,-0.2983730658,0.0836826874,-0.1693853302,0.0315380106,-0.0893993853,0.0836826389,-0.1693853003,-0.6247325629,0.4718268741,0.7117780293,-0.6322642771,0.6253193992,0.7115163348,-0.6314898238,0.6252774565,0.7094131174,-0.7900766935,1.0000000000,0.5535153710,-0.5530190490,0.4975825542,0.4720511093,-0.4748980493,0.4436625840,0.6322371846,-0.6306349095,0.6030607824,0.6322396636,-0.6312629675,0.6030448413,0.6322590113,-0.6312558086,0.6030407139,0.6321378739,-0.6311795452,0.6030535649,0.6322708960,-0.6312567664,0.6030269117,0.6324416819,-0.6311584521,0.6030588723,0.6321232264,-0.6312201035,0.6030406178,-0.5690802959,0.5306437184,0.5625716088,-0.6059192828,0.5044681566,-0.3575836098,0.2542134195
0.7947877315,-0.7983172426,0.6339274826,0.7992574582,-0.7954214813,0.6407957404,0.7938621167,-0.7941263107,0.6424094112,0.7941087935,-0.7938999780,0.6404524018,0.7939754516,-0.7933956262,0.6413921292,0.7939834584,-0.7937232379,0.6416222085,0.7939125429,-0.7938837185,0.6417732592,0.7938711354,-0.7939360117,0.6419137246,0.5620048685,-0.6860982622,0.4058366000,0.2562135449,-0.3027087660,0.0420479853,-0.1344303607,0.0084647621,-0.0587676042,0.0420479674,-0.1344303580,-0.8202071759,0.5807232785,0.8085629179,-0.6980308506,0.6925691819,0.8089581579,-0.6996923750,0.6929008908,0.7884173108,-0.7024261451,0.5535153710,1.0000000000,-0.8993080414,0.8101432505,0.6821395011,-0.6129762226,0.5660219558,0.8040891414,-0.7936937077,0.7647113223,0.8038239455,-0.7943752500,0.7646688896,0.8040334617,-0.7943332330,0.7647090619,0.8041241422,-0.7942952324,0.7646130288,0.8040122898,-0.7945576698,0.7647323112,0.8038433682,-0.7943439430,0.7646931186,0.8041219813,-0.7944657189,0.7646950155,-0.7732799493,0.7285646032,0.7541917581,-0.7660862950,0.6167033485,-0.4530956587,0.3050074345
-0.7997110724,0.8973383370,-0.7149766965,-0.8052474182,0.8936043381,-0.7261453011,-0.7972408124,0.8932256447,-0.7282177967,-0.7983519082,0.8918892980,-0.7237912502,-0.7984730381,0.8931620729,-0.7247077341,-0.7983860137,0.8937323567,-0.7250698924,-0.7982564441,0.8937945946,-0.7253846918,-0.7981737655,0.8937717985,-0.7256337420,-0.7022367974,0.8250883566,-0.5160087683,-0.4007741035,0.4347252157,-0.0988462455,0.2389320682,-0.0291793507,0.1159565215,-0.0988462505,0.2389320878,0.8910064742,-0.7047941484,-0.8004029779,0.7147741610,-0.6930590992,-0.7998390794,0.6999687494,-0.6926742051,-0.7988952159,0.7006004086,-0.5530190490,-0.8993080414,1.0000000000,-0.9003426052,-0.7001023410,0.7149165320,-0.6552414361,-0.8001288413,0.8082806147,-0.7636668401,-0.8000262603,0.7996093956,-0.7635819697,-0.8002059981,0.7998740929,-0.7634452898,-0.7994592273,0.7995620286,-0.7638167863,-0.8001308133,0.7995874130,-0.7634046186,-0.8004042851,0.7994134862,-0.7636254656,-0.8002650040,0.7994838258,-0.7635601274,0.7850012646,-0.7856108310,-0.8635386535,0.8728011935,-0.6933367592,0.5981383556,-0.4339073379
0.7182946348,-0.8066053620,0.6447220752,0.7207417543,-0.8037498597,0.6530909550,0.7234792007,-0.8016618227,0.6532824568,0.7198123931,-0.7985251117,0.6517587408,0.7186504734,-0.8026850629,0.6526515743,0.7180623639,-0.8039072040,0.6529486101,0.7176792265,-0.8040636485,0.6530154859,0.7175321944,-0.8041034906,0.6530751078,0.6349945308,-0.7450196843,0.4766731064,0.3645348936,-0.3964278285,0.0950322816,-0.2222583040,0.0290593873,-0.1093410561,0.0950322744,-0.2222583099,-0.7832393675,0.5976638522,0.7196738666,-0.6317892015,0.6231278436,0.7202721797,-0.6295566657,0.6232587268,0.7197563166,-0.6301826081,0.4975825542,0.8101432505,-0.9003426052,1.0000000000,0.6298443559,-0.6297101607,0.5892284655,0.7200400485,-0.7194523127,0.6871804872,0.7202366626,-0.7199723243,0.6871568338,0.7198409929,-0.7197831925,0.6871668773,0.7204678102,-0.7199501946,0.6870411795,0.7201015760,-0.7196133712,0.6871855687,0.7200481229,-0.7201167392,0.6871213398,0.7197330924,-0.7198544754,0.6871311722,-0.6940727932,0.7053993596,0.7769641892,-0.7790230552,0.6250895036,-0.5479711748,0.3975904078
0.6027467155,-0.6044114379,0.4755437521,0.5997651346,-0.6009408191,0.4806388939,0.6013173815,-0.5971088048,0.4833406348,0.5986630070,-0.5990347403,0.4833922656,0.5996452825,-0.6007757664,0.4832702329,0.6000408533,-0.6005822953,0.4823064533,0.5999754227,-0.6000555146,0.4818087663,0.5998667377,-0.5997396548,0.4817253775,0.4213570921,-0.5484605138,0.3500876899,0.2754598678,-0.3649768633,0.1190209982,-0.2207572902,0.0478507706,-0.1211943256,0.1190208681,-0.2207572043,-0.7863292155,0.6869832228,0.6750208093,-0.6066248774,0.5942809849,0.6757255360,-0.6007116069,0.5944059392,0.6324382720,-0.5936426315,0.4720511093,0.6821395011,-0.7001023410,0.6298443559,1.0000000000,-0.8634523748,0.8277941195,0.6888530071,-0.6167692063,0.5692060497,0.6891989724,-0.6158418564,0.5688281177,0.6888866953,-0.6157797375,0.5688089699,0.6887959836,-0.6158118904,0.5690398251,0.6885339638,-0.6154890653,0.5689100504,0.6885892692,-0.6155380084,0.5686862151,0.6887816672,-0.6155846196,0.5687428389,-0.7105259391,0.5788189897,0.6344855646,-0.7405107672,0.5859825977,-0.3933630191,0.3225431778
-0.5969956771,0.6027544948,-0.4747019862,-0.5953147718,0.5989041542,-0.4811013581,-0.5927945198,0.5973110889,-0.4822899021,-0.5945458991,0.5972467651,-0.4803589270,-0.5947338928,0.6003081823,-0.4805998693,-0.5946619748,0.5995045730,-0.4805721529,-0.5944082303,0.5988139830,-0.4806511611,-0.5942232073,0.5985204604,-0.4807197808,-0.4406899990,0.5664548360,-0.3697004283,-0.3196630445,0.4336332842,-0.1265330952,0.2424655670,-0.0499521477,0.1315709643,-0.1265329667,0.2424654869,0.8640653344,-0.7705940030,-0.6184895072,0.6352366346,-0.5953177311,-0.6173462367,0.6006016453,-0.5951403901,-0.5780134097,0.6032570672,-0.4748980493,-0.6129762226,0.7149165320,-0.6297101607,-0.8634523748,1.0000000000,-0.9422017747,-0.6075391449,0.7143100847,-0.6691120326,-0.6074820571,0.6892455053,-0.6700900537,-0.6080458326,0.6890782455,-0.6702411351,-0.6077086452,0.6894235829,-0.6699327285,-0.6082513407,0.6898406142,-0.6701079848,-0.6083151534,0.6895016897,-0.6701452546,-0.6080704682,0.6897159159,-0.6701468181,0.7552738650,-0.5916196458,-0.6556080222,0.8169577376,-0.6271396740,0.4240062564,-0.3482900517
0.5591526683,-0.5588772653,0.4454709064,0.5557970638,-0.5565621382,0.4490909777,0.5565160202,-0.5558716960,0.4500166526,0.5569848940,-0.5554751773,0.4498751784,0.5569744671,-0.5584249590,0.4495409006,0.5571302490,-0.5566296351,0.4496449984,0.5568010332,-0.5558509106,0.4494797245,0.5567482544,-0.5557265761,0.4491741521,0.4013377553,-0.4916388797,0.3008132434,0.1972226116,-0.2698630678,0.0312577333,-0.1053430339,0.0066524257,-0.0455426108,0.0312576128,-0.1053429506,-0.7939670016,0.7708434465,0.5676346952,-0.5636444328,0.5537585379,0.5679798372,-0.5596555524,0.5538590173,0.5503461528,-0.5638644874,0.4436625840,0.5660219558,-0.6552414361,0.5892284655,0.8277941195,-0.9422017747,1.0000000000,0.5645533550,-0.6491575491,0.6264286068,0.5642847673,-0.6492181033,0.6258689548,0.5640717658,-0.6493474438,0.6257959556,0.5645155747,-0.6491061634,0.6258098317,0.5641768643,-0.6489767749,0.6257894781,0.5640153903,-0.6492586754,0.6259681221,0.5641445231,-0.6490263729,0.6259050844,-0.7457084134,0.6052457136,0.5923397933,-0.7225132652,0.5600247728,-0.3301100618,0.2869664849
0.7989473916,-0.8015752306,0.6344221240,0.7951764357,-0.7963137399,0.6388826688,0.7935043296,-0.7931738575,0.6428421903,0.7930541212,-0.7932024249,0.6414562854,0.7937941949,-0.7945561111,0.6409678591,0.7942525859,-0.7950851479,0.6406527519,0.7944101878,-0.7951997318,0.6405641047,0.7944901440,-0.7951979749,0.6405392855,0.5673644011,-0.7109354915,0.4180190439,0.2986889407,-0.3686986555,0.0599417818,-0.1683907559,0.0160047780,-0.0775502852,0.0599417236,-0.1683907220,-0.8194031375,0.5336753299,0.8055612225,-0.6988179573,0.6928627028,0.8056271129,-0.6997552501,0.6928526142,0.7923505093,-0.8017923578,0.6322371846,0.8040891414,-0.8001288413,0.7200400485,0.6888530071,-0.6075391449,0.5645533550,1.0000000000,-0.8984579009,0.8618751544,0.9892212736,-0.8960620289,0.8591159298,0.9895261174,-0.8956955915,0.8588447707,0.9899691667,-0.8959526711,0.8592632729,0.9896959564,-0.8960498338,0.8593647401,0.9895333080,-0.8962753360,0.8594642940,0.9896451850,-0.8960621105,0.8595682726,-0.7447346366,0.7508421264,0.7858746458,-0.7921012393,0.6493236524,-0.5037884136,0.3148620843
-0.8017864105,0.8024981249,-0.6385773705,-0.7987851436,0.7968679633,-0.6448866384,-0.7962728975,0.7977004603,-0.6438031814,-0.7989088124,0.7963495196,-0.6419965869,-0.7979567225,0.7965059787,-0.6433544255,-0.7977474284,0.7970305956,-0.6436637012,-0.7978756400,0.7972296010,-0.6437324405,-0.7979496012,0.7973175758,-0.6437262844,-0.5764180724,0.7302756311,-0.4346395780,-0.3261862232,0.4234926776,-0.0714080510,0.1894655271,-0.0209606441,0.0894846964,-0.0714080486,0.1894655310,0.8827874099,-0.6065768398,-0.7932976971,0.7157867672,-0.6961239206,-0.7919058226,0.7025222178,-0.6956856708,-0.7110660885,0.7976434741,-0.6306349095,-0.7936937077,0.8082806147,-0.7194523127,-0.6167692063,0.7143100847,-0.6491575491,-0.8984579009,1.0000000000,-0.9558696108,-0.8955587715,0.9875584797,-0.9521305218,-0.8956774525,0.9873626633,-0.9515824135,-0.8960967137,0.9873631819,-0.9514317422,-0.8957240833,0.9882203532,-0.9517370957,-0.8958138656,0.9880511751,-0.9520600824,-0.8958934510,0.9880190825,-0.9521684198,0.7774666944,-0.7536083038,-0.8028545147,0.8576885793,-0.6862139274,0.5364857532,-0.3395996893
0.7615092594,-0.7633477363,0.6072090133,0.7577045330,-0.7599491154,0.6109697576,0.7573004451,-0.7605610772,0.6108380339,0.7584117152,-0.7601735233,0.6098796588,0.7579208918,-0.7599493016,0.6102078800,0.7579391509,-0.7591610484,0.6108134554,0.7578785180,-0.7589193237,0.6110466101,0.7579136211,-0.7588872832,0.6110630441,0.5341024629,-0.6789237047,0.3901599241,0.2866843576,-0.3849639472,0.0573574360,-0.1630405177,0.0159335348,-0.0749281220,0.0573573667,-0.1630404733,-0.8289951793,0.5348331427,0.7648060014,-0.6682388370,0.6608753397,0.7653038390,-0.6678596948,0.6611230215,0.6650359083,-0.7644464137,0.6030607824,0.7647113223,-0.7636668401,0.6871804872,0.5692060497,-0.6691120326,0.6264286068,0.8618751544,-0.9558696108,1.0000000000,0.8598300892,-0.9527607028,0.9903577059,0.8592873119,-0.9519017088,0.9887827489,0.8588038602,-0.9521738556,0.9889699177,0.8592470209,-0.9524082331,0.9892227395,0.8590120710,-0.9524917873,0.9892717910,0.8594484159,-0.9523749088,0.9896491118,-0.7524910816,0.7466279326,0.7688706188,-0.7973781405,0.6533861548,-0.4848405463,0.3036252601
0.7995428840,-0.8009331454,0.6349384318,0.7961104712,-0.7952383953,0.6400354567,0.7935804548,-0.7925293260,0.6437373837,0.7936529693,-0.7923664406,0.6422221831,0.7944569603,-0.7937776516,0.6416803487,0.7949018823,-0.7944175663,0.6413844927,0.7950748835,-0.7945552422,0.6412925722,0.7951354696,-0.7945451181,0.6412767435,0.5662399964,-0.7089339846,0.4164588467,0.2965107889,-0.3660991169,0.0599675166,-0.1676966901,0.0161370639,-0.0773586099,0.0599674593,-0.1676966571,-0.8194174611,0.5336998278,0.8053355191,-0.6998475511,0.6925193205,0.8053987020,-0.6995528110,0.6925900614,0.7926785144,-0.8016186576,0.6322396636,0.8038239455,-0.8000262603,0.7202366626,0.6891989724,-0.6074820571,0.5642847673,0.9892212736,-0.8955587715,0.8598300892,1.0000000000,-0.8973087767,0.8606659166,0.9912453487,-0.8966529112,0.8595099761,0.9907890923,-0.8965625283,0.8597896672,0.9901631677,-0.8956779213,0.8590893293,0.9905521176,-0.8963531537,0.8598840562,0.9898337161,-0.8961969339,0.8595200150,-0.7460948262,0.7535983659,0.7867097482,-0.7908019343,0.6498783692,-0.5011674570,0.3139978769
-0.7999117136,0.8014944462,-0.6372271447,-0.7962736169,0.7966671472,-0.6422331457,-0.7955459950,0.7976855894,-0.6406191976,-0.7973633015,0.7968573854,-0.6399809366,-0.7961842801,0.7959357785,-0.6414416012,-0.7959798929,0.7964259184,-0.6416959634,-0.7961464328,0.7966688092,-0.6415970354,-0.7962698773,0.7967936023,-0.6414936211,-0.5691620595,0.7203470079,-0.4208335961,-0.3030381033,0.3899996083,-0.0603357964,0.1706673621,-0.0162935893,0.0785270525,-0.0603357471,0.1706673331,0.8651292887,-0.6033652397,-0.7919729233,0.7015996295,-0.6932436483,-0.7920374755,0.7002721331,-0.6933255003,-0.7108545932,0.7974978782,-0.6312629675,-0.7943752500,0.7996093956,-0.7199723243,-0.6158418564,0.6892455053,-0.6492181033,-0.8960620289,0.9875584797,-0.9527607028,-0.8973087767,1.0000000000,-0.9542039635,-0.8963865133,0.9917602889,-0.9528895727,-0.8962260408,0.9906162545,-0.9527697400,-0.8961551628,0.9907500045,-0.9527452937,-0.8962635430,0.9908891597,-0.9526182738,-0.8960675016,0.9909152623,-0.9524241179,0.7737320263,-0.7588820777,-0.7965268784,0.8370372319,-0.6760736259,0.5210936808,-0.3299800741
0.7627291818,-0.7618596036,0.6085951048,0.7589737648,-0.7583030098,0.6127920458,0.7585662493,-0.7588756136,0.6131992890,0.7597416008,-0.7585966987,0.6113734153,0.7592338359,-0.7584096814,0.6117889444,0.7591866420,-0.7576589133,0.6123182816,0.7591281585,-0.7573665184,0.6125957188,0.7591701126,-0.7573366728,0.6126095406,0.5317537353,-0.6755679762,0.3881033143,0.2833163783,-0.3811378754,0.0547148976,-0.1591666463,0.0147675185,-0.0725554287,0.0547148340,-0.1591666040,-0.8294935894,0.5342972270,0.7650874859,-0.6687693689,0.6608482848,0.7651838815,-0.6676216210,0.6608329596,0.6652054256,-0.7641112532,0.6030448413,0.7646688896,-0.7635819697,0.6871568338,0.5688281177,-0.6700900537,0.6258689548,0.8591159298,-0.9521305218,0.9903577059,0.8606659166,-0.9542039635,1.0000000000,0.8595982578,-0.9524661170,0.9906777894,0.8599322727,-0.9528797446,0.9905942417,0.8595591082,-0.9527578551,0.9902874315,0.8595410269,-0.9524719083,0.9902672627,0.8594663830,-0.9526891507,0.9901972583,-0.7547944512,0.7439126922,0.7651056363,-0.7952196685,0.6500350557,-0.4793735719,0.2995795861
0.7990726932,-0.8013831566,0.6351050998,0.7962351807,-0.7952337476,0.6403179810,0.7936354185,-0.7935350983,0.6406754876,0.7930029404,-0.7909311217,0.6424280704,0.7942651123,-0.7945042850,0.6416451841,0.7946609710,-0.7949295090,0.6413097801,0.7947546353,-0.7951248740,0.6412831633,0.7948175904,-0.7951494367,0.6412786464,0.5699215521,-0.7131811635,0.4226246992,0.3015682570,-0.3718778991,0.0613338856,-0.1705967460,0.0165452283,-0.0788772883,0.0613338381,-0.1705967207,-0.8192666402,0.5317415685,0.8052994592,-0.6998148306,0.6924032793,0.8055482786,-0.6995047829,0.6926984229,0.7926973327,-0.8016080948,0.6322590113,0.8040334617,-0.8002059981,0.7198409929,0.6888866953,-0.6080458326,0.5640717658,0.9895261174,-0.8956774525,0.8592873119,0.9912453487,-0.8963865133,0.8595982578,1.0000000000,-0.8960305564,0.8597984603,0.9912347519,-0.8964529302,0.8593486376,0.9904933462,-0.8964850819,0.8603218271,0.9898254211,-0.8970975249,0.8598008636,0.9903476857,-0.8957570485,0.8601343373,-0.7418360023,0.7495342025,0.7864225360,-0.7938211903,0.6499793673,-0.5081176076,0.3184704422
-0.7997418486,0.8015498050,-0.6372207058,-0.7958566470,0.7974510218,-0.6414120825,-0.7957763723,0.7979146030,-0.6406546597,-0.7971115027,0.7976534796,-0.6397672659,-0.7957544804,0.7960218916,-0.6410601148,-0.7958564157,0.7962702341,-0.6415110138,-0.7959753117,0.7967020580,-0.6413857835,-0.7960752557,0.7968089550,-0.6412849351,-0.5710752850,0.7230875205,-0.4250362821,-0.3085100995,0.3945769903,-0.0634686026,0.1754046932,-0.0175945077,0.0814310822,-0.0634685580,0.1754046681,0.8646331943,-0.6067811425,-0.7918774242,0.7020419868,-0.6927528901,-0.7923028913,0.7001815262,-0.6934875281,-0.7107413993,0.7974818373,-0.6312558086,-0.7943332330,0.7998740929,-0.7197831925,-0.6157797375,0.6890782455,-0.6493474438,-0.8956955915,0.9873626633,-0.9519017088,-0.8966529112,0.9917602889,-0.9524661170,-0.8960305564,1.0000000000,-0.9531585949,-0.8961493380,0.9908142733,-0.9516026360,-0.8965800322,0.9915037194,-0.9542687264,-0.8962801848,0.9905787847,-0.9523956520,-0.8970987687,0.9905493863,-0.9541145692,0.7703806967,-0.7563431296,-0.7972578896,0.8391636312,-0.6779324751,0.5262073017,-0.3342009114
0.7623225468,-0.7623702791,0.6083307041,0.7583794043,-0.7588567042,0.6122073134,0.7583566451,-0.7592506766,0.6120460020,0.7595142368,-0.7584969045,0.6111155798,0.7589070321,-0.7590525742,0.6113562435,0.7588711133,-0.7582016263,0.6121334779,0.7587056520,-0.7578702546,0.6121938824,0.7587740898,-0.7578872250,0.6121909575,0.5380186322,-0.6809695851,0.3975544752,0.2937434706,-0.3906077722,0.0573592469,-0.1648298943,0.0155448971,-0.0755333636,0.0573591926,-0.1648298532,-0.8290707605,0.5350511125,0.7651798170,-0.6688979099,0.6609978686,0.7651342459,-0.6674290443,0.6606966355,0.6652952275,-0.7640341705,0.6030407139,0.7647090619,-0.7634452898,0.6871668773,0.5688089699,-0.6702411351,0.6257959556,0.8588447707,-0.9515824135,0.9887827489,0.8595099761,-0.9528895727,0.9906777894,0.8597984603,-0.9531585949,1.0000000000,0.8604255297,-0.9529241987,0.9908991640,0.8598055381,-0.9527024139,0.9904995524,0.8600428344,-0.9532545632,0.9905745904,0.8594491504,-0.9531128563,0.9905926810,-0.7494365766,0.7427133088,0.7672735653,-0.7985680234,0.6527849510,-0.4882167331,0.3070872485
0.7994796549,-0.8012064927,0.6326874504,0.7953714655,-0.7924085246,0.6430635372,0.7946324476,-0.7924212085,0.6479142465,0.7936003989,-0.7928457679,0.6412369667,0.7941478857,-0.7948029213,0.6406679388,0.7947286350,-0.7950074923,0.6401769923,0.7948978963,-0.7951197484,0.6401392172,0.7949948499,-0.7951324200,0.6401417104,0.5643931157,-0.7065707220,0.4127043046,0.2925683595,-0.3622752560,0.0566203444,-0.1631858243,0.0146386114,-0.0744225718,0.0566202705,-0.1631857786,-0.8206695532,0.5341956841,0.8058027933,-0.6989631601,0.6929815721,0.8054623526,-0.6998262940,0.6925771869,0.7924721537,-0.8014960063,0.6321378739,0.8041241422,-0.7994592273,0.7204678102,0.6887959836,-0.6077086452,0.5645155747,0.9899691667,-0.8960967137,0.8588038602,0.9907890923,-0.8962260408,0.8599322727,0.9912347519,-0.8961493380,0.8604255297,1.0000000000,-0.8959639286,0.8598145721,0.9927528525,-0.8975784756,0.8597020302,0.9914146026,-0.8952359212,0.8590969660,0.9928187959,-0.8972929924,0.8599559510,-0.7496564444,0.7548455914,0.7851956065,-0.7887251438,0.6472086752,-0.4955190242,0.3103296472
-0.7997777712,0.8015137199,-0.6371875306,-0.7964915610,0.7964406676,-0.6426685513,-0.7955253964,0.7981142494,-0.6401122552,-0.7972170374,0.7971884362,-0.6396518944,-0.7960268185,0.7952021837,-0.6416585067,-0.7960929517,0.7967439473,-0.6416041780,-0.7961074256,0.7967770712,-0.6415958295,-0.7962133554,0.7968929159,-0.6415156132,-0.5680011931,0.7175298031,-0.4159702111,-0.2972719370,0.3827826072,-0.0536377232,0.1618854331,-0.0131407538,0.0727502737,-0.0536376825,0.1618854072,0.8656440578,-0.6010110736,-0.7919384051,0.7015937355,-0.6933190285,-0.7922147596,0.7003988204,-0.6930891588,-0.7109051756,0.7974906333,-0.6311795452,-0.7942952324,0.7995620286,-0.7199501946,-0.6158118904,0.6894235829,-0.6491061634,-0.8959526711,0.9873631819,-0.9521738556,-0.8965625283,0.9906162545,-0.9528797446,-0.8964529302,0.9908142733,-0.9529241987,-0.8959639286,1.0000000000,-0.9532271633,-0.8963802239,0.9903160899,-0.9528090523,-0.8966886900,0.9900922625,-0.9530805953,-0.8965224252,0.9903519414,-0.9530330471,0.7776024336,-0.7612236408,-0.7942487514,0.8348016620,-0.6727844518,0.5155523818,-0.3245137400
0.7626113669,-0.7619314598,0.6084120590,0.7590662949,-0.7582877459,0.6128220496,0.7584183644,-0.7591805511,0.6127061451,0.7595508712,-0.7585300364,0.6111646007,0.7592174104,-0.7585810022,0.6120041329,0.7589450674,-0.7577744474,0.6122254507,0.7591281397,-0.7575173622,0.6124759374,0.7591012603,-0.7574579910,0.6125037680,0.5357531787,-0.6775871013,0.3929626278,0.2835628755,-0.3812651021,0.0536950880,-0.1582782328,0.0141938348,-0.0718039474,0.0536950116,-0.1582781922,-0.8293760476,0.5379426780,0.7648931308,-0.6693027759,0.6604541356,0.7651904582,-0.6674358179,0.6609726549,0.6651364104,-0.7642214800,0.6030535649,0.7646130288,-0.7638167863,0.6870411795,0.5690398251,-0.6699327285,0.6258098317,0.8592632729,-0.9514317422,0.9889699177,0.8597896672,-0.9527697400,0.9905942417,0.8593486376,-0.9516026360,0.9908991640,0.8598145721,-0.9532271633,1.0000000000,0.8598175449,-0.9538862968,0.9906879860,0.8598517842,-0.9535356951,0.9897375541,0.8599019650,-0.9532285693,0.9906493481,-0.7532825379,0.7455181553,0.7662042725,-0.7960267402,0.6510863015,-0.4823890258,0.3036035607
0.7996177073,-0.8011299197,0.6354902297,0.7955051730,-0.7964881164,0.6389418010,0.7938193175,-0.7898111629,0.6424730107,0.7931776530,-0.7958653092,0.6419732499,0.7943337778,-0.7938573220,0.6416841290,0.7947336349,-0.7942458098,0.6414504828,0.7948733566,-0.7943224024,0.6414059377,0.7949539509,-0.7942958307,0.6413874152,0.5659704111,-0.7086973830,0.4153998258,0.2946302584,-0.3646192146,0.0570487731,-0.1643137232,0.0147348783,-0.0749683067,0.0570487216,-0.1643136944,-0.8203701522,0.5347367498,0.8056847878,-0.6992416485,0.6927560658,0.8055176358,-0.6996941523,0.6926808913,0.7924379165,-0.8015249359,0.6322708960,0.8040122898,-0.8001308133,0.7201015760,0.6885339638,-0.6082513407,0.5641768643,0.9896959564,-0.8957240833,0.8592470209,0.9901631677,-0.8961551628,0.8595591082,0.9904933462,-0.8965800322,0.8598055381,0.9927528525,-0.8963802239,0.8598175449,1.0000000000,-0.8966853829,0.8597797008,0.9905575614,-0.8965342991,0.8598912541,0.9892724662,-0.8962278084,0.8596067750,-0.7469359199,0.7527172221,0.7854500582,-0.7905448870,0.6480921284,-0.4996183798,0.3120310685
-0.7995597539,0.8019533748,-0.6375305703,-0.7958881325,0.7971237554,-0.6419637638,-0.7972389954,0.7980422953,-0.6399436986,-0.7967338203,0.7947199104,-0.6394680549,-0.7959108665,0.7966927232,-0.6412781664,-0.7955554918,0.7969129451,-0.6417452002,-0.7958498342,0.7971293783,-0.6416285203,-0.7959755731,0.7972482013,-0.6415443094,-0.5696601667,0.7211759772,-0.4206084207,-0.3040935470,0.3894676120,-0.0599696320,0.1704290547,-0.0160261880,0.0782825738,-0.0599695845,0.1704290263,0.8653446911,-0.6046321939,-0.7921946507,0.7013596232,-0.6932658028,-0.7920396607,0.7004001915,-0.6932571862,-0.7110807219,0.7973391691,-0.6312567664,-0.7945576698,0.7995874130,-0.7196133712,-0.6154890653,0.6898406142,-0.6489767749,-0.8960498338,0.9882203532,-0.9524082331,-0.8956779213,0.9907500045,-0.9527578551,-0.8964850819,0.9915037194,-0.9527024139,-0.8975784756,0.9903160899,-0.9538862968,-0.8966853829,1.0000000000,-0.9522547238,-0.8964813373,0.9903326124,-0.9536084397,-0.8955229681,0.9899673816,-0.9525107621,0.7731672635,-0.7570964130,-0.7957106167,0.8379471601,-0.6750201460,0.5224176988,-0.3299819521
0.7624390547,-0.7622887954,0.6082680106,0.7587419943,-0.7583030374,0.6127881161,0.7581505763,-0.7593175643,0.6128079558,0.7595837226,-0.7584646251,0.6112326797,0.7590737319,-0.7587439983,0.6114957086,0.7590434863,-0.7579146197,0.6118004007,0.7588937061,-0.7578830750,0.6122108265,0.7589279846,-0.7578553890,0.6122730747,0.5333942185,-0.6788227610,0.3932368267,0.2824817834,-0.3824283646,0.0570129856,-0.1616321648,0.0159437139,-0.0743221081,0.0570129341,-0.1616321328,-0.8290451486,0.5370120797,0.7651212136,-0.6692884820,0.6606252205,0.7650232035,-0.6676111710,0.6606124597,0.6652926600,-0.7641193380,0.6030269117,0.7647323112,-0.7634046186,0.6871855687,0.5689100504,-0.6701079848,0.6257894781,0.8593647401,-0.9517370957,0.9892227395,0.8590893293,-0.9527452937,0.9902874315,0.8603218271,-0.9542687264,0.9904995524,0.8597020302,-0.9528090523,0.9906879860,0.8597797008,-0.9522547238,1.0000000000,0.8599714585,-0.9528149649,0.9906212725,0.8595553214,-0.9530447824,0.9897894889,-0.7511159868,0.7397202698,0.7648859777,-0.7974297706,0.6500597338,-0.4846444136,0.3049010970
0.7997090191,-0.8015068461,0.6352023089,0.7966115195,-0.7968696730,0.6371544523,0.7915505831,-0.7928950904,0.6447725089,0.7939720543,-0.7903209949,0.6418858754,0.7944327427,-0.7940000343,0.6417498713,0.7949024769,-0.7946597552,0.6415146046,0.7950383522,-0.7947233191,0.6414076114,0.7951282422,-0.7947057814,0.6413714552,0.5648541631,-0.7110282355,0.4178229525,0.2992763348,-0.3716114899,0.0645220365,-0.1735520859,0.0183508738,-0.0812299101,0.0645219786,-0.1735520521,-0.8198642690,0.5305288852,0.8050582218,-0.6995375193,0.6925167111,0.8062566479,-0.6995777766,0.6925653855,0.7920383386,-0.8019530370,0.6324416819,0.8038433682,-0.8004042851,0.7200481229,0.6885892692,-0.6083151534,0.5640153903,0.9895333080,-0.8958138656,0.8590120710,0.9905521176,-0.8962635430,0.8595410269,0.9898254211,-0.8962801848,0.8600428344,0.9914146026,-0.8966886900,0.8598517842,0.9905575614,-0.8964813373,0.8599714585,1.0000000000,-0.8965775632,0.8595163322,0.9908863732,-0.8962211504,0.8597946491,-0.7439192711,0.7504065576,0.7878681816,-0.7927662559,0.6508197753,-0.5045436435,0.3159486128
-0.8002867970,0.8008030675,-0.6372186281,-0.7964941746,0.7959253832,-0.6430514986,-0.7953413987,0.7977880245,-0.6416281038,-0.7973456430,0.7975105230,-0.6402261239,-0.7971225474,0.7956022158,-0.6418873919,-0.7963652334,0.7957413643,-0.6419666322,-0.7964761836,0.7960604899,-0.6417753748,-0.7966122175,0.7961910690,-0.6416533643,-0.5636943551,0.7156721783,-0.4128313904,-0.2980630182,0.3871606054,-0.0587698977,0.1676453496,-0.0158368405,0.0768941911,-0.0587698486,0.1676453203,0.8658749480,-0.5969480856,-0.7921199383,0.7006276237,-0.6937167239,-0.7924050023,0.7005088441,-0.6933217278,-0.7108285327,0.7974127535,-0.6311584521,-0.7943439430,0.7994134862,-0.7201167392,-0.6155380084,0.6895016897,-0.6492586754,-0.8962753360,0.9880511751,-0.9524917873,-0.8963531537,0.9908891597,-0.9524719083,-0.8970975249,0.9905787847,-0.9532545632,-0.8952359212,0.9900922625,-0.9535356951,-0.8965342991,0.9903326124,-0.9528149649,-0.8965775632,1.0000000000,-0.9527944051,-0.8966637291,0.9902353726,-0.9525635144,0.7783323527,-0.7605300025,-0.7953391863,0.8340161573,-0.6746506951,0.5132887487,-0.3225305153
0.7624806820,-0.7620732261,0.6083101170,0.7591566789,-0.7583401118,0.6128517387,0.7581824830,-0.7593554893,0.6126641175,0.7592105374,-0.7593773212,0.6114368605,0.7591929674,-0.7580332047,0.6108568561,0.7589761595,-0.7579714307,0.6122016644,0.7589321296,-0.7576062255,0.6124646946,0.7589942203,-0.7575907311,0.6124330777,0.5335924313,-0.6783379542,0.3924607460,0.2862907052,-0.3860356755,0.0590591448,-0.1647561719,0.0168341020,-0.0762553640,0.0590590733,-0.1647561258,-0.8289199558,0.5349586271,0.7650083641,-0.6688530683,0.6607806385,0.7654139193,-0.6674670999,0.6609113348,0.6650598636,-0.7641619482,0.6030588723,0.7646931186,-0.7636254656,0.6871213398,0.5686862151,-0.6701452546,0.6259681221,0.8594642940,-0.9520600824,0.9892717910,0.8598840562,-0.9526182738,0.9902672627,0.8598008636,-0.9523956520,0.9905745904,0.8590969660,-0.9530805953,0.9897375541,0.8598912541,-0.9536084397,0.9906212725,0.8595163322,-0.9527944051,1.0000000000,0.8603843956,-0.9530250635,0.9900768443,-0.7514386080,0.7406150990,0.7658002571,-0.7973016938,0.6514749795,-0.4844037616,0.3036419327
0.7993801950,-0.8003571719,0.6351151393,0.7945342973,-0.7967026648,0.6388268077,0.7961894208,-0.7938320647,0.6447150561,0.7935698724,-0.7924658623,0.6427069474,0.7941275280,-0.7932847237,0.6416361464,0.7946143734,-0.7939464771,0.6411857950,0.7948275798,-0.7940449197,0.6410797294,0.7948840712,-0.7940422338,0.6410357144,0.5667910790,-0.7080185884,0.4156192996,0.2970701956,-0.3668328636,0.0565381551,-0.1642496840,0.0143856669,-0.0747548764,0.0565381054,-0.1642496562,-0.8206255577,0.5346560104,0.8062684886,-0.6981206027,0.6931433930,0.8049851495,-0.6999521616,0.6931720304,0.7926362259,-0.8013867438,0.6321232264,0.8041219813,-0.8002650040,0.7197330924,0.6887816672,-0.6080704682,0.5641445231,0.9896451850,-0.8958934510,0.8594484159,0.9898337161,-0.8960675016,0.8594663830,0.9903476857,-0.8970987687,0.8594491504,0.9928187959,-0.8965224252,0.8599019650,0.9892724662,-0.8955229681,0.8595553214,0.9908863732,-0.8966637291,0.8603843956,1.0000000000,-0.8967926018,0.8594093962,-0.7471119311,0.7518515321,0.7842822130,-0.7897241098,0.6477178935,-0.4983638995,0.3112085836
-0.7999425396,0.8017121378,-0.6374522327,-0.7964345525,0.7963661750,-0.6425896216,-0.7946660921,0.7971957679,-0.6387240025,-0.7981822759,0.7962149065,-0.6407749896,-0.7960673719,0.7964349420,-0.6415928605,-0.7958895557,0.7967554133,-0.6417883154,-0.7961763322,0.7969320365,-0.6417411050,-0.7963043834,0.7970454777,-0.6416504385,-0.5684401823,0.7193905004,-0.4186923752,-0.3024302811,0.3888326253,-0.0583581789,0.1683640525,-0.0153230677,0.0769181646,-0.0583581306,0.1683640244,0.8655043420,-0.6006308089,-0.7920300494,0.7011524995,-0.6933368881,-0.7921970325,0.7003119035,-0.6933693156,-0.7110823350,0.7973742115,-0.6312201035,-0.7944657189,0.7994838258,-0.7198544754,-0.6155846196,0.6897159159,-0.6490263729,-0.8960621105,0.9880190825,-0.9523749088,-0.8961969339,0.9909152623,-0.9526891507,-0.8957570485,0.9905493863,-0.9531128563,-0.8972929924,0.9903519414,-0.9532285693,-0.8962278084,0.9899673816,-0.9530447824,-0.8962211504,0.9902353726,-0.9530250635,-0.8967926018,1.0000000000,-0.9527637663,0.7753273822,-0.7600658729,-0.7959894713,0.8364958205,-0.6749884828,0.5192170172,-0.3274918946
0.7627191254,-0.7616418973,0.6085697536,0.7592169849,-0.7580267343,0.6132390704,0.7584663955,-0.7591908622,0.6126874487,0.7596023345,-0.7587352689,0.6112706123,0.7587886740,-0.7590376055,0.6117678907,0.7594200400,-0.7574585437,0.6123716750,0.7591879289,-0.7572294149,0.6126285933,0.7592103514,-0.7572193283,0.6126167088,0.5332565498,-0.6787246775,0.3932115942,0.2911454821,-0.3918650067,0.0623059828,-0.1694649793,0.0183125139,-0.0792284833,0.0623059211,-0.1694649373,-0.8286373435,0.5308091272,0.7651908645,-0.6684604166,0.6611182314,0.7652048150,-0.6675538328,0.6608641651,0.6652217209,-0.7640696683,0.6030406178,0.7646950155,-0.7635601274,0.6871311722,0.5687428389,-0.6701468181,0.6259050844,0.8595682726,-0.9521684198,0.9896491118,0.8595200150,-0.9524241179,0.9901972583,0.8601343373,-0.9541145692,0.9905926810,0.8599559510,-0.9530330471,0.9906493481,0.8596067750,-0.9525107621,0.9897894889,0.8597946491,-0.9525635144,0.9900768443,0.8594093962,-0.9527637663,1.0000000000,-0.7504906369,0.7412746506,0.7674647767,-0.7977406826,0.6539652978,-0.4858551293,0.3041568977
-0.8569079274,0.7666937415,-0.6093147148,-0.8569828126,0.7609205734,-0.6137897748,-0.8538986259,0.7620405359,-0.6161067254,-0.8563086027,0.7638580682,-0.6132581656,-0.8567136336,0.7632793351,-0.6129585600,-0.8565963133,0.7628906289,-0.6128168695,-0.8564114650,0.7626193828,-0.6129794570,-0.8562177140,0.7624780312,-0.6131245696,-0.3593672410,0.4893771969,-0.1369667026,-0.0189520672,0.0340821739,0.0275935951,-0.0140596349,0.0134467009,-0.0180998417,0.0275935416,-0.0140595742,0.9075377418,-0.6787907080,-0.8097726497,0.7620197556,-0.7559090618,-0.8092037912,0.7633785725,-0.7441530600,-0.7298228820,0.7203931706,-0.5690802959,-0.7732799493,0.7850012646,-0.6940727932,-0.7105259391,0.7552738650,-0.7457084134,-0.7447346366,0.7774666944,-0.7524910816,-0.7460948262,0.7737320263,-0.7547944512,-0.7418360023,0.7703806967,-0.7494365766,-0.7496564444,0.7776024336,-0.7532825379,-0.7469359199,0.7731672635,-0.7511159868,-0.7439192711,0.7783323527,-0.7514386080,-0.7471119311,0.7753273822,-0.7504906369,1.0000000000,-0.7999521112,-0.6978263382,0.6904621180,-0.5651395315,0.1321250203,-0.0891993232
0.7666624567,-0.8232352656,0.6656588843,0.7621316343,-0.8209953491,0.6747116079,0.7621891129,-0.8197197236,0.6717176352,0.7639911607,-0.8198173684,0.6698012439,0.7642126433,-0.8213027696,0.6695515069,0.7641655090,-0.8211507759,0.6694067091,0.7640800555,-0.8208913028,0.6694497398,0.7640040762,-0.8207216022,0.6695367404,0.5826914115,-0.6830748737,0.3699445055,0.2376516306,-0.2309211592,0.0054075733,-0.0901894399,-0.0101818221,-0.0276682582,0.0054075336,-0.0901894209,-0.8076865627,0.6534997441,0.7503852045,-0.7108972709,0.7118342872,0.7543782453,-0.7164730251,0.7099593067,0.6771252396,-0.6678328137,0.5306437184,0.7285646032,-0.7856108310,0.7053993596,0.5788189897,-0.5916196458,0.6052457136,0.7508421264,-0.7536083038,0.7466279326,0.7535983659,-0.7588820777,0.7439126922,0.7495342025,-0.7563431296,0.7427133088,0.7548455914,-0.7612236408,0.7455181553,0.7527172221,-0.7570964130,0.7397202698,0.7504065576,-0.7605300025,0.7406150990,0.7518515321,-0.7600658729,0.7412746506,-0.7999521112,1.0000000000,0.7946796168,-0.7272217764,0.6141660895,-0.4176117305,0.3166436674
0.7793318431,-0.9135988562,0.7385285846,0.7743583104,-0.9110704827,0.7472147360,0.7748602736,-0.9104327451,0.7429761772,0.7759862399,-0.9085135465,0.7430876970,0.7760708760,-0.9119072044,0.7429839182,0.7759933770,-0.9121156972,0.7429317644,0.7759104899,-0.9119379939,0.7429518043,0.7758570735,-0.9117801263,0.7430313995,0.7564623736,-0.8862831447,0.6004152462,0.5150489819,-0.5619775448,0.2033214132,-0.3842290764,0.0769539864,-0.2082747103,0.2033213944,-0.3842290716,-0.8627161565,0.7074147175,0.7788597338,-0.7566809547,0.7430746099,0.7786140130,-0.7452303231,0.7423253297,0.7077994711,-0.7125170864,0.5625716088,0.7541917581,-0.8635386535,0.7769641892,0.6344855646,-0.6556080222,0.5923397933,0.7858746458,-0.8028545147,0.7688706188,0.7867097482,-0.7965268784,0.7651056363,0.7864225360,-0.7972578896,0.7672735653,0.7851956065,-0.7942487514,0.7662042725,0.7854500582,-0.7957106167,0.7648859777,0.7878681816,-0.7953391863,0.7658002571,0.7842822130,-0.7959894713,0.7674647767,-0.6978263382,0.7946796168,1.0000000000,-0.8997816692,0.8000960886,-0.7088085991,0.5413933615
-0.7262619721,0.8433033498,-0.6699729421,-0.7235723431,0.8381728399,-0.6767813197,-0.7210918608,0.8389147319,-0.6756647691,-0.7229570702,0.8364266574,-0.6751441482,-0.7229773102,0.8404746861,-0.6754057731,-0.7227768726,0.8408082567,-0.6755678192,-0.7226156401,0.8405971256,-0.6758162066,-0.7224668698,0.8403941402,-0.6760358615,-0.7643272249,0.8982546462,-0.6792604693,-0.5982376559,0.6998336295,-0.2063567497,0.4137129468,-0.0747415282,0.2194673222,-0.2063567001,0.4137129180,0.9261516314,-0.7814343148,-0.8153036122,0.8284537804,-0.7941261120,-0.8143654473,0.7976812430,-0.8012001086,-0.7477895335,0.7694876011,-0.6059192828,-0.7660862950,0.8728011935,-0.7790230552,-0.7405107672,0.8169577376,-0.7225132652,-0.7921012393,0.8576885793,-0.7973781405,-0.7908019343,0.8370372319,-0.7952196685,-0.7938211903,0.8391636312,-0.7985680234,-0.7887251438,0.8348016620,-0.7960267402,-0.7905448870,0.8379471601,-0.7974297706,-0.7927662559,0.8340161573,-0.7973016938,-0.7897241098,0.8364958205,-0.7977406826,0.6904621180,-0.7272217764,-0.8997816692,1.0000000000,-0.7998796845,0.7871665935,-0.5989493385
0.6015647635,-0.6850658563,0.5545266539,0.5969739922,-0.6864067970,0.5647420620,0.5960501995,-0.6810741588,0.5600729355,0.5984031931,-0.6800142680,0.5585407286,0.5984700113,-0.6824094426,0.5587556122,0.5983881325,-0.6824900698,0.5589081088,0.5982880677,-0.6822393752,0.5591016954,0.5982070329,-0.6820333346,0.5592795289,0.5869320409,-0.7087271383,0.5201910590,0.4802476862,-0.5654730218,0.2151315206,-0.3833002942,0.0858403785,-0.2146662156,0.2151315040,-0.3833002884,-0.7389992190,0.6157292821,0.6640806442,-0.6915798533,0.6755337343,0.6643071529,-0.6760341456,0.6775778811,0.6172773692,-0.6338404623,0.5044681566,0.6167033485,-0.6933367592,0.6250895036,0.5859825977,-0.6271396740,0.5600247728,0.6493236524,-0.6862139274,0.6533861548,0.6498783692,-0.6760736259,0.6500350557,0.6499793673,-0.6779324751,0.6527849510,0.6472086752,-0.6727844518,0.6510863015,0.6480921284,-0.6750201460,0.6500597338,0.6508197753,-0.6746506951,0.6514749795,0.6477178935,-0.6749884828,0.6539652978,-0.5651395315,0.6141660895,0.8000960886,-0.7998796845,1.0000000000,-0.6368944908,0.5507786265
-0.3524406171,0.6150964004,-0.4906606689,-0.3484508072,0.6118476430,-0.4958275482,-0.3494484429,0.6144236549,-0.4919088340,-0.3486326746,0.6093259815,-0.4945569403,-0.3482913538,0.6151379781,-0.4949972705,-0.3481726484,0.6158841720,-0.4951687250,-0.3481436405,0.6158926314,-0.4951732895,-0.3481635915,0.6158030845,-0.4952232760,-0.8261127702,0.8962117020,-0.8536930172,-0.7876234623,0.8744921935,-0.2613535545,0.5281504167,-0.0905637831,0.2791645865,-0.2613535667,0.5281504314,0.5106431638,-0.4970070058,-0.4596649850,0.4711747173,-0.4377749654,-0.4603477842,0.4380609693,-0.4590912370,-0.4289610262,0.4498496853,-0.3575836098,-0.4530956587,0.5981383556,-0.5479711748,-0.3933630191,0.4240062564,-0.3301100618,-0.5037884136,0.5364857532,-0.4848405463,-0.5011674570,0.5210936808,-0.4793735719,-0.5081176076,0.5262073017,-0.4882167331,-0.4955190242,0.5155523818,-0.4823890258,-0.4996183798,0.5224176988,-0.4846444136,-0.5045436435,0.5132887487,-0.4844037616,-0.4983638995,0.5192170172,-0.4858551293,0.1321250203,-0.4176117305,-0.7088085991,0.7871665935,-0.6368944908,1.0000000000,-0.7999451657
0.2380844734,-0.4516640401,0.3561819761,0.2349231243,-0.4466605284,0.3586848809,0.2375609861,-0.4526981993,0.3574438738,0.2356522940,-0.4496650016,0.3590315736,0.2356150706,-0.4537139724,0.3588563674,0.2355171423,-0.4540080354,0.3587235620,0.2354488187,-0.4539143990,0.3586394470,0.2354281988,-0.4538183028,0.3586398553,0.5866334593,-0.6772430754,0.6533776948,0.6175859263,-0.6699687733,0.2157469502,-0.4233405459,0.0760511131,-0.2265307638,0.2157469701,-0.4233405659,-0.3826244271,0.4321587909,0.3230064827,-0.3709414947,0.3470493103,0.3222032143,-0.3468403325,0.3664446814,0.3010188640,-0.3056362778,0.2542134195,0.3050074345,-0.4339073379,0.3975904078,0.3225431778,-0.3482900517,0.2869664849,0.3148620843,-0.3395996893,0.3036252601,0.3139978769,-0.3299800741,0.2995795861,0.3184704422,-0.3342009114,0.3070872485,0.3103296472,-0.3245137400,0.3036035607,0.3120310685,-0.3299819521,0.3049010970,0.3159486128,-0.3225305153,0.3036419327,0.3112085836,-0.3274918946,0.3041568977,-0.0891993232,0.3166436674,0.5413933615,-0.5989493385,0.5507786265,-0.7999451657,1.0000000000
