Simulation.Economies.BaseEconomy(GBP).Equities.EquityAndDividendYield(UK Equity).Equity.JumpModel.Z,Simulation.Economies.BaseEconomy(GBP).Equities.EquityAndDividendYield(UK FactorEquity Income).Equity.JumpModel.Z,Simulation.Economies.BaseEconomy(GBP).Equities.EquityAndDividendYield(UK FactorEquity LowVolatility).Equity.JumpModel.Z,Simulation.Economies.BaseEconomy(GBP).Equities.EquityAndDividendYield(UK FactorEquity Momentum).Equity.JumpModel.Z,Simulation.Economies.BaseEconomy(GBP).Equities.EquityAndDividendYield(UK FactorEquity Quality).Equity.JumpModel.Z,Simulation.Economies.BaseEconomy(GBP).Equities.EquityAndDividendYield(UK FactorEquity Size).Equity.JumpModel.Z,Simulation.Economies.BaseEconomy(GBP).Equities.EquityAndDividendYield(UK FactorEquity Size Mid).Equity.JumpModel.Z,Simulation.Economies.BaseEconomy(GBP).Equities.EquityAndDividendYield(UK FactorEquity Value).Equity.JumpModel.Z,Simulation.Economies.Economy(APAC).Equities.EquityAndDividendYield(APAC Developed Equity).Equity.JumpModel.Z,Simulation.Economies.Economy(APAC).Equities.EquityAndDividendYield(APAC Equity).Equity.JumpModel.Z,Simulation.Economies.Economy(EM).Equities.EquityAndDividendYield(EM Equity).Equity.JumpModel.Z,Simulation.Economies.Economy(EUR).Equities.EquityAndDividendYield(EU Equity).Equity.JumpModel.Z,Simulation.Economies.Economy(JPY).Equities.EquityAndDividendYield(JP Equity).Equity.JumpModel.Z,Simulation.Economies.Economy(USD).Equities.EquityAndDividendYield(US Equity).Equity.JumpModel.Z,Simulation.Economies.Economy(USD).Equities.EquityAndDividendYield(US FactorEquity Income).Equity.JumpModel.Z,Simulation.Economies.Economy(USD).Equities.EquityAndDividendYield(US FactorEquity LowVolatility).Equity.JumpModel.Z,Simulation.Economies.Economy(USD).Equities.EquityAndDividendYield(US FactorEquity Momentum).Equity.JumpModel.Z,Simulation.Economies.Economy(USD).Equities.EquityAndDividendYield(US FactorEquity Quality).Equity.JumpModel.Z,Simulation.Economies.Economy(USD).Equities.EquityAndDividendYield(US FactorEquity Size).Equity.JumpModel.Z,Simulation.Economies.Economy(USD).Equities.EquityAndDividendYield(US FactorEquity Value).Equity.JumpModel.Z
1.0000000000,0.9500000000,0.9500000000,0.9500000000,0.9500000000,0.9500000000,0.9500000000,0.9500000000,0.9500000000,0.9500000000,0.9500000000,0.9500000000,0.9500000000,0.9500000000,0.9500000000,0.9500000000,0.9500000000,0.9500000000,0.9500000000,0.9500000000
0.9500000000,1.0000000000,0.9500000000,0.9500000000,0.9500000000,0.9500000000,0.9500000000,0.9500000000,0.9500000000,0.9500000000,0.9500000000,0.9500000000,0.9500000000,0.9500000000,0.9500000000,0.9500000000,0.9500000000,0.9500000000,0.9500000000,0.9500000000
0.9500000000,0.9500000000,1.0000000000,0.9500000000,0.9500000000,0.9500000000,0.9500000000,0.9500000000,0.9500000000,0.9500000000,0.9500000000,0.9500000000,0.9500000000,0.9500000000,0.9500000000,0.9500000000,0.9500000000,0.9500000000,0.9500000000,0.9500000000
0.9500000000,0.9500000000,0.9500000000,1.0000000000,0.9500000000,0.9500000000,0.9500000000,0.9500000000,0.9500000000,0.9500000000,0.9500000000,0.9500000000,0.9500000000,0.9500000000,0.9500000000,0.9500000000,0.9500000000,0.9500000000,0.9500000000,0.9500000000
0.9500000000,0.9500000000,0.9500000000,0.9500000000,1.0000000000,0.9500000000,0.9500000000,0.9500000000,0.9500000000,0.9500000000,0.9500000000,0.9500000000,0.9500000000,0.9500000000,0.9500000000,0.9500000000,0.9500000000,0.9500000000,0.9500000000,0.9500000000
0.9500000000,0.9500000000,0.9500000000,0.9500000000,0.9500000000,1.0000000000,0.9500000000,0.9500000000,0.9500000000,0.9500000000,0.9500000000,0.9500000000,0.9500000000,0.9500000000,0.9500000000,0.9500000000,0.9500000000,0.9500000000,0.9500000000,0.9500000000
0.9500000000,0.9500000000,0.9500000000,0.9500000000,0.9500000000,0.9500000000,1.0000000000,0.9500000000,0.9500000000,0.9500000000,0.9500000000,0.9500000000,0.9500000000,0.9500000000,0.9500000000,0.9500000000,0.9500000000,0.9500000000,0.9500000000,0.9500000000
0.9500000000,0.9500000000,0.9500000000,0.9500000000,0.9500000000,0.9500000000,0.9500000000,1.0000000000,0.9500000000,0.9500000000,0.9500000000,0.9500000000,0.9500000000,0.9500000000,0.9500000000,0.9500000000,0.9500000000,0.9500000000,0.9500000000,0.9500000000
0.9500000000,0.9500000000,0.9500000000,0.9500000000,0.9500000000,0.9500000000,0.9500000000,0.9500000000,1.0000000000,0.9500000000,0.9500000000,0.9500000000,0.9500000000,0.9500000000,0.9500000000,0.9500000000,0.9500000000,0.9500000000,0.9500000000,0.9500000000
0.9500000000,0.9500000000,0.9500000000,0.9500000000,0.9500000000,0.9500000000,0.9500000000,0.9500000000,0.9500000000,1.0000000000,0.9500000000,0.9500000000,0.9500000000,0.9500000000,0.9500000000,0.9500000000,0.9500000000,0.9500000000,0.9500000000,0.9500000000
0.9500000000,0.9500000000,0.9500000000,0.9500000000,0.9500000000,0.9500000000,0.9500000000,0.9500000000,0.9500000000,0.9500000000,1.0000000000,0.9500000000,0.9500000000,0.9500000000,0.9500000000,0.9500000000,0.9500000000,0.9500000000,0.9500000000,0.9500000000
0.9500000000,0.9500000000,0.9500000000,0.9500000000,0.9500000000,0.9500000000,0.9500000000,0.9500000000,0.9500000000,0.9500000000,0.9500000000,1.0000000000,0.9500000000,0.9500000000,0.9500000000,0.9500000000,0.9500000000,0.9500000000,0.9500000000,0.9500000000
0.9500000000,0.9500000000,0.9500000000,0.9500000000,0.9500000000,0.9500000000,0.9500000000,0.9500000000,0.9500000000,0.9500000000,0.9500000000,0.9500000000,1.0000000000,0.9500000000,0.9500000000,0.9500000000,0.9500000000,0.9500000000,0.9500000000,0.9500000000
0.9500000000,0.9500000000,0.9500000000,0.9500000000,0.9500000000,0.9500000000,0.9500000000,0.9500000000,0.9500000000,0.9500000000,0.9500000000,0.9500000000,0.9500000000,1.0000000000,0.9500000000,0.9500000000,0.9500000000,0.9500000000,0.9500000000,0.9500000000
0.9500000000,0.9500000000,0.9500000000,0.9500000000,0.9500000000,0.9500000000,0.9500000000,0.9500000000,0.9500000000,0.9500000000,0.9500000000,0.9500000000,0.9500000000,0.9500000000,1.0000000000,0.9500000000,0.9500000000,0.9500000000,0.9500000000,0.9500000000
0.9500000000,0.9500000000,0.9500000000,0.9500000000,0.9500000000,0.9500000000,0.9500000000,0.9500000000,0.9500000000,0.9500000000,0.9500000000,0.9500000000,0.9500000000,0.9500000000,0.9500000000,1.0000000000,0.9500000000,0.9500000000,0.9500000000,0.9500000000
0.9500000000,0.9500000000,0.9500000000,0.9500000000,0.9500000000,0.9500000000,0.9500000000,0.9500000000,0.9500000000,0.9500000000,0.9500000000,0.9500000000,0.9500000000,0.9500000000,0.9500000000,0.9500000000,1.0000000000,0.9500000000,0.9500000000,0.9500000000
0.9500000000,0.9500000000,0.9500000000,0.9500000000,0.9500000000,0.9500000000,0.9500000000,0.9500000000,0.9500000000,0.9500000000,0.9500000000,0.9500000000,0.9500000000,0.9500000000,0.9500000000,0.9500000000,0.9500000000,1.0000000000,0.9500000000,0.9500000000
0.9500000000,0.9500000000,0.9500000000,0.9500000000,0.9500000000,0.9500000000,0.9500000000,0.9500000000,0.9500000000,0.9500000000,0.9500000000,0.9500000000,0.9500000000,0.9500000000,0.9500000000,0.9500000000,0.9500000000,0.9500000000,1.0000000000,0.9500000000
0.9500000000,0.9500000000,0.9500000000,0.9500000000,0.9500000000,0.9500000000,0.9500000000,0.9500000000,0.9500000000,0.9500000000,0.9500000000,0.9500000000,0.9500000000,0.9500000000,0.9500000000,0.9500000000,0.9500000000,0.9500000000,0.9500000000,1.0000000000
