Simulation.Economies.Economy(APAC).NominalAndExchangeRate.Nominal.ShortRateModel.Process1.dZ,Simulation.Economies.Economy(APAC).NominalAndExchangeRate.Nominal.ShortRateModel.Process2.dZ,Simulation.Economies.Economy(EM).NominalAndExchangeRate.Nominal.ShortRateModel.Process1.dZ,Simulation.Economies.Economy(EM).NominalAndExchangeRate.Nominal.ShortRateModel.Process2.dZ,Simulation.Economies.Economy(EUR).NominalAndExchangeRate.Nominal.ShortRateModel.Process1.dZ,Simulation.Economies.Economy(EUR).NominalAndExchangeRate.Nominal.ShortRateModel.Process2.dZ,Simulation.Economies.Economy(JPY).NominalAndExchangeRate.Nominal.ShortRateModel.Process1.dZ,Simulation.Economies.Economy(JPY).NominalAndExchangeRate.Nominal.ShortRateModel.Process2.dZ,Simulation.Economies.Economy(USD).NominalAndExchangeRate.Nominal.ShortRateModel.Process1.dZ,Simulation.Economies.Economy(USD).NominalAndExchangeRate.Nominal.ShortRateModel.Process2.dZ
1.0000000000,-0.8563834414,0.0000000000,0.0000000000,0.0000000000,0.0000000000,0.0000000000,0.0000000000,0.0000000000,0.0000000000
-0.8563834414,1.0000000000,0.0000000000,0.0000000000,0.0000000000,0.0000000000,0.0000000000,0.0000000000,0.0000000000,0.0000000000
0.0000000000,0.0000000000,1.0000000000,-0.8563834414,0.0000000000,0.0000000000,0.0000000000,0.0000000000,0.0000000000,0.0000000000
0.0000000000,0.0000000000,-0.8563834414,1.0000000000,0.0000000000,0.0000000000,0.0000000000,0.0000000000,0.0000000000,0.0000000000
0.0000000000,0.0000000000,0.0000000000,0.0000000000,1.0000000000,-0.9265154988,0.0000000000,0.0000000000,0.0000000000,0.0000000000
0.0000000000,0.0000000000,0.0000000000,0.0000000000,-0.9265154988,1.0000000000,0.0000000000,0.0000000000,0.0000000000,0.0000000000
0.0000000000,0.0000000000,0.0000000000,0.0000000000,0.0000000000,0.0000000000,1.0000000000,-0.8641802195,0.0000000000,0.0000000000
0.0000000000,0.0000000000,0.0000000000,0.0000000000,0.0000000000,0.0000000000,-0.8641802195,1.0000000000,0.0000000000,0.0000000000
0.0000000000,0.0000000000,0.0000000000,0.0000000000,0.0000000000,0.0000000000,0.0000000000,0.0000000000,1.0000000000,-0.8563834414
0.0000000000,0.0000000000,0.0000000000,0.0000000000,0.0000000000,0.0000000000,0.0000000000,0.0000000000,-0.8563834414,1.0000000000
