Simulation.Economies.BaseEconomy(GBP).RealRateAndInflation(RPIGilts).Inflation.dZ,Simulation.Economies.BaseEconomy(GBP).RealRateAndInflation(RPISwaps).Inflation.dZ,Simulation.Economies.BaseEconomy(GBP).RealRateAndInflation(CPIGilts).Inflation.dZ,Simulation.Economies.BaseEconomy(GBP).RealRateAndInflation(CPISwaps).Inflation.dZ,Simulation.Economies.BaseEconomy(GBP).RealRateAndInflation(RPIGilts).Inflation.VolatilityModel.VolatilityProcess.dZ,Simulation.Economies.BaseEconomy(GBP).RealRateAndInflation(RPISwaps).Inflation.VolatilityModel.VolatilityProcess.dZ,Simulation.Economies.BaseEconomy(GBP).RealRateAndInflation(CPIGilts).Inflation.VolatilityModel.VolatilityProcess.dZ,Simulation.Economies.BaseEconomy(GBP).RealRateAndInflation(CPISwaps).Inflation.VolatilityModel.VolatilityProcess.dZ,Simulation.Economies.BaseEconomy(GBP).RealRateAndInflation(RPIGilts).Inflation.JumpModel.Z,Simulation.Economies.BaseEconomy(GBP).RealRateAndInflation(RPISwaps).Inflation.JumpModel.Z,Simulation.Economies.BaseEconomy(GBP).RealRateAndInflation(CPIGilts).Inflation.JumpModel.Z,Simulation.Economies.BaseEconomy(GBP).RealRateAndInflation(CPISwaps).Inflation.JumpModel.Z
1.0000000000,0.9500000000,0.9500000000,0.9500000000,0.0000000000,0.0000000000,0.0000000000,0.0000000000,0.0000000000,0.0000000000,0.0000000000,0.0000000000
0.9500000000,1.0000000000,0.9500000000,0.9500000000,0.0000000000,0.0000000000,0.0000000000,0.0000000000,0.0000000000,0.0000000000,0.0000000000,0.0000000000
0.9500000000,0.9500000000,1.0000000000,0.9500000000,0.0000000000,0.0000000000,0.0000000000,0.0000000000,0.0000000000,0.0000000000,0.0000000000,0.0000000000
0.9500000000,0.9500000000,0.9500000000,1.0000000000,0.0000000000,0.0000000000,0.0000000000,0.0000000000,0.0000000000,0.0000000000,0.0000000000,0.0000000000
0.0000000000,0.0000000000,0.0000000000,0.0000000000,1.0000000000,0.9000000000,0.9000000000,0.9000000000,0.0000000000,0.0000000000,0.0000000000,0.0000000000
0.0000000000,0.0000000000,0.0000000000,0.0000000000,0.9000000000,1.0000000000,0.9000000000,0.9000000000,0.0000000000,0.0000000000,0.0000000000,0.0000000000
0.0000000000,0.0000000000,0.0000000000,0.0000000000,0.9000000000,0.9000000000,1.0000000000,0.9000000000,0.0000000000,0.0000000000,0.0000000000,0.0000000000
0.0000000000,0.0000000000,0.0000000000,0.0000000000,0.9000000000,0.9000000000,0.9000000000,1.0000000000,0.0000000000,0.0000000000,0.0000000000,0.0000000000
0.0000000000,0.0000000000,0.0000000000,0.0000000000,0.0000000000,0.0000000000,0.0000000000,0.0000000000,1.0000000000,0.9000000000,0.9000000000,0.9000000000
0.0000000000,0.0000000000,0.0000000000,0.0000000000,0.0000000000,0.0000000000,0.0000000000,0.0000000000,0.9000000000,1.0000000000,0.9000000000,0.9000000000
0.0000000000,0.0000000000,0.0000000000,0.0000000000,0.0000000000,0.0000000000,0.0000000000,0.0000000000,0.9000000000,0.9000000000,1.0000000000,0.9000000000
0.0000000000,0.0000000000,0.0000000000,0.0000000000,0.0000000000,0.0000000000,0.0000000000,0.0000000000,0.9000000000,0.9000000000,0.9000000000,1.0000000000
